🎬 Titre;📅 Année;🏷️ Type;🎯 Thème;🏟️ Club-sélection;👥 Personnages clés;Date diffusion;📺 Diffuseur;🗣️ Langue;Qualité;⏳ Durée (min);🎞️ Série-Collection;Commentaires sur fichier
Téléfoot - 16 septembre;1977;Magazine TV;Magazine football;;;16/09/1977;TF1;Français;;0;Téléfoot;
Téléfoot - 27 septembre;1980;Magazine TV;Magazine football;;;27/09/1980;TF1;Français;;0;Téléfoot;
Téléfoot - 31 janvier;1981;Magazine TV;Magazine football;;;31/01/1981;TF1;Français;;0;Téléfoot;
1982 France vs Allemagne - Séville - Les beaux perdants;1982;Documentaire;Club;France;;;;;;0;;
Téléfoot - 6 février;1983;Magazine TV;Magazine football;;;06/02/1983;TF1;Français;;0;Téléfoot;
Téléfoot - 14 août;1983;Magazine TV;Magazine football;;;14/08/1983;TF1;Français;;0;Téléfoot;
Téléfoot - du 9 décembre;1984;Magazine TV;Magazine football;;;09/12/1984;TF1;Français;;0;Téléfoot;
Campionato io ti amo - Saison 1983-1984;1984;Rétrospective;Histoire du football italien, Serie A;;;;Rai Sport;Italien;DVD;0;Campionato Io ti amo;
Téléfoot - 10 février;1985;Magazine TV;Magazine football;;;10/02/1985;TF1;Français;;0;Téléfoot;
Téléfoot - 17 mars;1985;Magazine TV;Magazine football;;;17/03/1985;TF1;Français;;0;Téléfoot;
Téléfoot - 29 septembre;1985;Magazine TV;Magazine football;;;29/09/1985;TF1;Français;;0;Téléfoot;
Campionato io ti amo - Saison 1984-1985;1985;Rétrospective;Histoire du football italien, Serie A;;;;Rai Sport;Italien;DVD;0;Campionato Io ti amo;
Téléfoot - (1985-oct);1985;Magazine TV;Magazine football;;;;TF1;Français;;0;Téléfoot;
1986 FIFA World Cup The Official Film;1986;Film officiel;Coupe du Monde (général), Coupe du Monde 1986, Sélections nationales;;;;;;;0;;
Campionato io ti amo - Saison 1985-1986;1986;Rétrospective;Histoire du football italien, Serie A;;;;Rai Sport;Italien;DVD;0;Campionato Io ti amo;
Dans le secret des bleus Coupe du Monde;1986;Documentaire;Coulisses, Coupe du Monde (général), Sélections nationales, Équipe de France;France;;;;;;0;;
L'épopée des Bleus la magnifique aventure 1978;1986;Documentaire;Équipe de France;France;;;;;;0;;
Campionato io ti amo - Saison 1986-1987;1987;Rétrospective;Histoire du football italien, Serie A;;;;Rai Sport;Italien;DVD;0;Campionato Io ti amo;
Téléfoot - 6 mars;1988;Magazine TV;Magazine football;;;06/03/1988;TF1;Français;;0;Téléfoot;
Téléfoot - 13 mars;1988;Magazine TV;Magazine football;;;13/03/1988;TF1;Français;;0;Téléfoot;
Campionato io ti amo - Saison 1987-1988;1988;Rétrospective;Histoire du football italien, Serie A;;;;Rai Sport;Italien;DVD;0;Campionato Io ti amo;
Téléfoot - Decembre 1989 Ballon d'Or Van Basten;1989;Magazine TV;Magazine football;;Marco van Basten;;TF1;Français;;0;Téléfoot;
Téléfoot - 4 juillet;1989;Magazine TV;Magazine football;;;04/07/1989;TF1;Français;;0;Téléfoot;
Téléfoot - 24 décembre;1989;Magazine TV;Magazine football;;;24/12/1989;TF1;Français;;0;Téléfoot;
OM - Le doublé 89;1989;Film officiel, Rétrospective;Club, Coupe de France, Ligue 1;Olympique de Marseille;;;CBS Fox;Français;;0;;
Téléfoot - (1989) (Sélection Ballon dOr);1989;Magazine TV;Magazine football;;;;TF1;Français;;0;Téléfoot;
Téléfoot - 5 mai;1990;Magazine TV;Magazine football;;;05/05/1990;TF1;Français;;0;Téléfoot;
Téléfoot - 28 juillet;1990;Magazine TV;Magazine football;;;28/07/1990;TF1;Français;;0;Téléfoot;
Téléfoot - 29 juillet;1990;Magazine TV;Magazine football;;;29/07/1990;TF1;Français;;0;Téléfoot;
Téléfoot - 4 août;1990;Magazine TV;Magazine football;;;04/08/1990;TF1;Français;;0;Téléfoot;
Téléfoot - 19 août;1990;Magazine TV;Magazine football;;;19/08/1990;TF1;Français;;0;Téléfoot;
Téléfoot - 15 septembre;1990;Magazine TV;Magazine football;;;15/09/1990;TF1;Français;;0;Téléfoot;Fichier partiel
Campionato io ti amo - Saison 1989-1990;1990;Rétrospective;Histoire du football italien, Serie A;;;;Rai Sport;Italien;DVD;0;Campionato Io ti amo;
Le Club Mondial;1990;Magazine TV;Football;;;;TF1;Français;;0;;
Téléfoot - 19 mai;1991;Magazine TV;Magazine football;;;19/05/1991;TF1;Français;;0;Téléfoot;
Téléfoot - 26 mai;1991;Magazine TV;Magazine football;;;26/05/1991;TF1;Français;;0;Téléfoot;
Téléfoot - 5 octobre;1991;Magazine TV;Magazine football;;;05/10/1991;TF1;Français;;0;Téléfoot;Fichier incomplet
Campionato io ti amo - Saison 1990-1991;1991;Rétrospective;Histoire du football italien, Serie A;;;;Rai Sport;Italien;DVD;0;Campionato Io ti amo;
OM 1991 - Partie 1;1991;Archive, Compilation;Club, Histoire du football;Olympique de Marseille;;;;;;0;;
OM 1991 - Partie 2;1991;Archive, Compilation;Club, Histoire du football;Olympique de Marseille;;;;;;0;;
19/20 - 2 juillet 1992 - La France organisera la Coupe du Monde 1998;1992;Archive TV;Coupe du monde 1998, Histoire du football, Organisation;France;Fernand Sastre, Michel Platini;02/07/1992;FR3;Français;;24;19/20;Le 2 juillet 1992, la FIFA attribue l'organisation de la Coupe du Monde 1998 à la France.
Formule Foot - 11 avril;1992;Magazine TV;Ligue 1, Magazine football;;;11/04/1992;TF1;Français;;0;Formule Foot;
Séquence + Formule Sport ( Complet);1992;Documentaire;Football;;;11/04/1992;TF1;Français;;0;;
Téléfoot - 30 août;1992;Magazine TV;Magazine football;;;30/08/1992;TF1;Français;;0;Téléfoot;
Téléfoot - 1 novembre;1992;Magazine TV;Magazine football;;;01/11/1992;TF1;Français;;0;Téléfoot;Fichier incomplet
Téléfoot - 6 décembre;1992;Magazine TV;Magazine football;;;06/12/1992;TF1;Français;;0;Téléfoot;Fichier incomplet
Campionato io ti amo - Saison 1991-1992;1992;Rétrospective;Histoire du football italien, Serie A;;;;Rai Sport;Italien;DVD;0;Campionato Io ti amo;
Téléfoot - 1992 (Euro92);1992;Magazine TV;Magazine football;;;;TF1;Français;;0;Téléfoot;
Téléfoot - 1992 Euro92;1992;Magazine TV;Magazine football;;;;TF1;Français;;0;Téléfoot;
La méthode Guy Roux;1993;Documentaire;Club, Entraîneur, Portrait;AJ Auxerre;Guy Roux;;;;720p;0;;
Téléfoot - 21 février;1993;Magazine TV;Magazine football;;;21/02/1993;TF1;Français;;0;Téléfoot;
Téléfoot - 2 mars;1993;Magazine TV;Magazine football;;;02/03/1993;TF1;Français;;0;Téléfoot;
Téléfoot - 28 mars;1993;Magazine TV;Magazine football;;;28/03/1993;TF1;Français;;0;Téléfoot;Doublon/variante présent dans le fichier source
Téléfoot - 3 avril;1993;Magazine TV;Magazine football;;;03/04/1993;TF1;Français;;0;Téléfoot;Fichier incomplet
Téléfoot - 25 avril;1993;Magazine TV;Magazine football;;;25/04/1993;TF1;Français;;0;Téléfoot;
Téléfoot - 2 mai;1993;Magazine TV;Magazine football;;;02/05/1993;TF1;Français;;0;Téléfoot;
Téléfoot - 16 mai;1993;Magazine TV;Magazine football;;;16/05/1993;TF1;Français;;0;Téléfoot;
Téléfoot - 23 mai;1993;Magazine TV;Magazine football;;;23/05/1993;TF1;Français;;0;Téléfoot;Fichier incomplet
OM - AC Milan (1-0) - Réactions et émission d'après match;1993;Documentaire;Club;AC Milan, Olympique de Marseille;;26/05/1993;;;;0;;
Le JT de 13h00 de TF1 avec les joueurs de L'OM le après la victoire en C1;1993;Archive TV, Émission spéciale;Club;Olympique de Marseille;;27/05/1993;TF1;Français;;0;;
Téléfoot - 13 juin;1993;Magazine TV;Magazine football;Paris Saint-Germain;;13/06/1993;TF1;Français;;0;Téléfoot;Doublon/variante présent dans le fichier source
Téléfoot - 18 septembre;1993;Magazine TV;Magazine football;;;18/09/1993;TF1;Français;;0;Téléfoot;
Téléfoot - 2 octobre;1993;Magazine TV;Magazine football;;;02/10/1993;TF1;Français;;0;Téléfoot;
Téléfoot - 24 octobre;1993;Magazine TV;Magazine football;;;24/10/1993;TF1;Français;;0;Téléfoot;
France vs Bulgarie jamais vue (images exclusive);1993;Documentaire;Club;France;;17/11/1993;;;;0;;
JT France 2 20H du;1993;Archive TV, Émission spéciale;Football;;;18/11/1993;France 2;Français;;0;;
Campionato io ti amo - Saison 1992-1993;1993;Rétrospective;Histoire du football italien, Serie A;;;;Rai Sport;Italien;DVD;0;Campionato Io ti amo;
Champions League 92-93 - Olympique de Marseille;1993;Film officiel, Rétrospective;Club, Ligue des champions (général);Olympique de Marseille;;;TF1 Vidéo;Français;;70;;
France-Bulgarie 1993;1993;Documentaire;Football;;;;;;;0;;
Interieur Sport - France Bulgarie;1993;Documentaire, Magazine TV;Football;;;;Canal+;Français;;0;Intérieur Sport;
Ligue des champions 1992-1993 - Marseille - Milan;1993;Documentaire;Club, Ligue des champions (général), Ligue des champions 1992-1993;AC Milan, Olympique de Marseille;;;;;;0;;
OM 1993 - Ombre et lumière;1993;Documentaire;Affaires et scandales, Club, Histoire du football;Olympique de Marseille;;;L'Équipe;Français;;0;;Année harmonisée d'après le titre 
OM 93 - La légende;1993;Rétrospective;Club, Histoire du football, Ligue des champions (général);Olympique de Marseille;;;;Français;;0;;Titre et année déduits du nom du fichier
OM Les annees de gloires 1986-1993;1993;Documentaire;Club;Olympique de Marseille;;;;;;0;;
Téléfoot - (1992-1993 13ème journée);1993;Magazine TV;Magazine football;;;;TF1;Français;;0;Téléfoot;
Téléfoot - (1993 oct);1993;Magazine TV;Magazine football;;;;TF1;Français;;0;Téléfoot;
Téléfoot - 1992-1993 13ème journée;1993;Magazine TV;Magazine football;;;;TF1;Français;;0;Téléfoot;
Téléfoot - 1993 (oct);1993;Magazine TV;Magazine football;;;;TF1;Français;;0;Téléfoot;
Téléfoot - Olympique De Marseille;1993;Magazine TV;Magazine football;Olympique de Marseille;;;TF1;Français;;0;Téléfoot;
Téléfoot - Olympique De Marseille Milan;1993;Magazine TV;Club, Ligue des champions (général), Ligue des champions 1992-1993, Magazine football;AC Milan, Olympique de Marseille;;;TF1;Français;;0;Téléfoot;
David Ginola - PSG;1994;Documentaire;Carrière, Club, Portrait;Paris Saint-Germain;David Ginola;;;;;0;;Doublon/variante présent dans le fichier source
Téléfoot - Coupe du Monde 1994 - Extrait du 17 juillet 1994;1994;Archive TV, Magazine TV, Spécial compétition;Coupe du Monde (général), Coupe du Monde 1994, Magazine football, Sélections nationales;Brésil, Italie;Roberto Baggio, Romário;17/07/1994;TF1;Français;;0;Téléfoot;Nouveau dossier repéré dans l'inventaire plus complet. La date correspond à la finale Brésil-Italie
Terre de foot;1994;Documentaire;Football;;;01/01/1994;France 2;Français;;0;Terre de Foot;
Téléfoot - 3 janvier;1994;Magazine TV;Magazine football;;;03/01/1994;TF1;Français;;0;Téléfoot;
Téléfoot - 30 janvier;1994;Magazine TV;Magazine football;;;30/01/1994;TF1;Français;;0;Téléfoot;
Téléfoot - 2 avril;1994;Magazine TV;Magazine football;Olympique de Marseille;;02/04/1994;TF1;Français;;0;Téléfoot;
Téléfoot - 24 avril;1994;Magazine TV;Magazine football;Olympique de Marseille;;24/04/1994;TF1;Français;;0;Téléfoot;Doublon/variante présent dans le fichier source
Téléfoot - 1 mai;1994;Magazine TV;Magazine football;;;01/05/1994;TF1;Français;;0;Téléfoot;Doublon/variante présent dans le fichier source
Téléfoot - 15 mai;1994;Magazine TV;Magazine football;;;15/05/1994;TF1;Français;;0;Téléfoot;
Téléfoot - 22 mai;1994;Magazine TV;Magazine football;;;22/05/1994;TF1;Français;;0;Téléfoot;
Terre de foot;1994;Documentaire;Football;;;11/06/1994;France 2;Français;;0;Terre de Foot;
Journal 20H - 17 juillet 1994;1994;Archive TV, Documentaire;Football;;;17/07/1994;France 2;Français;;0;Journal de France 2;Titre technique « JA2 20H » harmonisé à partir de la date du fichier.
Téléfoot - 2 août;1994;Magazine TV;Magazine football;;;02/08/1994;TF1;Français;;0;Téléfoot;
Jour de Foot - 5 août;1994;Magazine TV;Ligue 1, Magazine football;;;05/08/1994;Canal+;Français;;0;Jour de Foot;
Téléfoot - 1 septembre;1994;Magazine TV;Magazine football;;;01/09/1994;TF1;Français;;0;Téléfoot;
Téléfoot - 4 décembre;1994;Magazine TV;Magazine football;;;04/12/1994;TF1;Français;;0;Téléfoot;Doublon/variante présent dans le fichier source
Campionato io ti amo - Saison 1993-1994;1994;Rétrospective;Histoire du football italien, Serie A;;;;Rai Sport;Italien;DVD;0;Campionato Io ti amo;
CM 1994 Tous les buts;1994;Compilation;Buts, Coupe du Monde (général), Coupe du Monde 1994, Sélections nationales;;;;;;;0;;
Film officiel Coupe du Monde;1994;Film officiel;Coupe du Monde (général);;;;;;;0;;Doublon/variante présent dans le fichier source
Première victoire de l'AJAuxerre en coupe de France;1994;Documentaire;Club, Coupe de France;AJ Auxerre;;;;;;0;;
Téléfoot - (1994) (titre de champion);1994;Magazine TV;Magazine football;;;;TF1;Français;;0;Téléfoot;
Téléfoot - 1994 (titre de champion);1994;Magazine TV;Magazine football;;;;TF1;Français;;0;Téléfoot;
Téléfoot - 1994 - Rétro Téléfoot de la saison;1994;Magazine TV;Magazine football;;;;TF1;Français;;0;Téléfoot;
Téléfoot - avril 94 L'OM est officiellement rétrogradée en D2;1994;Magazine TV;Affaires et scandales, Club, Ligue 1, Ligue 2, Magazine football;Olympique de Marseille;;;TF1;Français;;0;Téléfoot;
Eurogoals - 15 janvier;1995;Magazine TV;Magazine football;;;15/01/1995;Eurosport;Français;;0;Eurogoals;
Téléfoot - 16 avril;1995;Magazine TV;Magazine football;;;16/04/1995;TF1;Français;;0;Téléfoot;
Téléfoot - 1 mai;1995;Magazine TV;Magazine football;Paris Saint-Germain;;01/05/1995;TF1;Français;;0;Téléfoot;
Téléfoot - 2 mai;1995;Magazine TV;Magazine football;;;02/05/1995;TF1;Français;;0;Téléfoot;
Téléfoot - 14 mai;1995;Magazine TV;Magazine football;Paris Saint-Germain;;14/05/1995;TF1;Français;;0;Téléfoot;Doublon/variante présent dans le fichier source
Téléfoot - 28 mai;1995;Magazine TV;Magazine football;;;28/05/1995;TF1;Français;;0;Téléfoot;Doublon/variante présent dans le fichier source
Téléfoot - 2 juillet;1995;Magazine TV;Magazine football;;;02/07/1995;TF1;Français;;0;Téléfoot;
Téléfoot - 3 juillet;1995;Magazine TV;Magazine football;;;03/07/1995;TF1;Français;;0;Téléfoot;
Formule Foot - 19 juillet;1995;Magazine TV;Ligue 1, Magazine football;;;19/07/1995;TF1;Français;;0;Formule Foot;
Téléfoot - 23 juillet;1995;Magazine TV;Magazine football;;;23/07/1995;TF1;Français;;0;Téléfoot;Doublon/variante présent dans le fichier source
Téléfoot - 30 juillet;1995;Magazine TV;Magazine football;;;30/07/1995;TF1;Français;;0;Téléfoot;Doublon/variante présent dans le fichier source
Téléfoot - 6 août;1995;Magazine TV;Magazine football;;;06/08/1995;TF1;Français;;0;Téléfoot;Doublon/variante présent dans le fichier source
Foot Mundial;1995;Documentaire;Football;;;20/10/1995;RTBF;Français;;0;;
Téléfoot - 1 décembre;1995;Magazine TV;Magazine football;;;01/12/1995;TF1;Français;;0;Téléfoot;
Téléfoot - 10 décembre;1995;Magazine TV;Magazine football;;;10/12/1995;TF1;Français;;0;Téléfoot;
1995 Voici le Stade de France Archive INA;1995;Archive TV;Coupe du Monde (général), Coupe du monde 1998, Sélections nationales, Équipe de France;France;;;;Français;;2;;Archive INA.
Campionato io ti amo - Saison 1994-1995;1995;Rétrospective;Histoire du football italien, Serie A;;;;Rai Sport;Italien;DVD;0;Campionato Io ti amo;
D2 Max - 1994-95 - J33;1995;Magazine TV;Ligue 1, Ligue 2, Magazine football;;;;Canal+;Français;;30;D2 Max;
Les Plus Beaux Buts de 1ère Division Française 1994-1995;1995;Compilation;Buts;;;;;;;0;;
Téléfoot - Coupe de France 1994-1995 - Parcours de Strasbourg;1995;Magazine TV;Club, Coupe de France, Magazine football;RC Strasbourg;;;TF1;Français;;0;Téléfoot;Nom d'uploader « Thewildbunch22 » retiré du titre.
Téléfoot - (1996 décembre Guy Roux);1996;Magazine TV;Entraîneur, Magazine football, Portrait;AJ Auxerre;Guy Roux;;TF1;Français;;0;Téléfoot;
Téléfoot - 1996 (décembre Guy Roux);1996;Magazine TV;Entraîneur, Magazine football, Portrait;AJ Auxerre;Guy Roux;;TF1;Français;;0;Téléfoot;
Téléfoot - Décembre 1996 Guy Roux reçoit son Onze d'or de meilleur entraîneur;1996;Magazine TV;Entraîneur, Magazine football, Portrait;AJ Auxerre;Guy Roux;;TF1;Français;;0;Téléfoot;
Téléfoot - 1 janvier;1996;Magazine TV;Magazine football;;;01/01/1996;TF1;Français;;0;Téléfoot;
Téléfoot - 14 janvier;1996;Magazine TV;Magazine football;;;14/01/1996;TF1;Français;;0;Téléfoot;Doublon/variante présent dans le fichier source
Téléfoot - 1 mai;1996;Magazine TV;Magazine football;AJ Auxerre;;01/05/1996;TF1;Français;;0;Téléfoot;
Téléfoot - 12 mai;1996;Magazine TV;Magazine football;;;12/05/1996;TF1;Français;;0;Téléfoot;
Téléfoot - 19 mai;1996;Magazine TV;Magazine football;;;19/05/1996;TF1;Français;;0;Téléfoot;Doublon/variante présent dans le fichier source
Téléfoot - 1 août;1996;Magazine TV;Magazine football;;;01/08/1996;TF1;Français;;0;Téléfoot;
Téléfoot - 11 août;1996;Magazine TV;Magazine football;;;11/08/1996;TF1;Français;;0;Téléfoot;Doublon/variante présent dans le fichier source
Téléfoot - 8 septembre;1996;Magazine TV;Magazine football;;;08/09/1996;TF1;Français;;0;Téléfoot;Doublon/variante présent dans le fichier source
Téléfoot - 29 septembre;1996;Magazine TV;Magazine football;;;29/09/1996;TF1;Français;;0;Téléfoot;Doublon/variante présent dans le fichier source
Téléfoot - 2 octobre;1996;Magazine TV;Magazine football;;;02/10/1996;TF1;Français;;0;Téléfoot;
Téléfoot - 6 octobre;1996;Magazine TV;Magazine football;;;06/10/1996;TF1;Français;;0;Téléfoot;Doublon/variante présent dans le fichier source
Téléfoot - 20 octobre;1996;Magazine TV;Magazine football;;;20/10/1996;TF1;Français;;0;Téléfoot;
Téléfoot - 10 novembre;1996;Magazine TV;Magazine football;;;10/11/1996;TF1;Français;;0;Téléfoot;Doublon/variante présent dans le fichier source
Résumé Eliminatoires CdM 1998 - Europe;1996;Documentaire;Football;;;11/11/1996;Eurosport;Français;;0;;
Téléfoot - 1 décembre;1996;Magazine TV;Magazine football;;;01/12/1996;TF1;Français;;0;Téléfoot;
Téléfoot - 8 décembre;1996;Magazine TV;Magazine football;;;08/12/1996;TF1;Français;;0;Téléfoot;
Téléfoot - 22 décembre;1996;Magazine TV;Magazine football;;;22/12/1996;TF1;Français;;0;Téléfoot;Fichier incomplet
Campionato io ti amo - Saison 1995-1996;1996;Rétrospective;Histoire du football italien, Serie A;;;;Rai Sport;Italien;;0;Campionato Io ti amo;
D2 Max - 1995-96 - J37;1996;Magazine TV;Ligue 1, Ligue 2, Magazine football;;;;Canal+;Français;;30;D2 Max;
Jour de Foot - 1995-96 - J03;1996;Magazine TV;Ligue 1, Magazine football;;;;Canal+;Français;;0;Jour de Foot;
Téléfoot - (1996 à Auxerre);1996;Magazine TV;Magazine football;AJ Auxerre;;;TF1;Français;;0;Téléfoot;
Téléfoot - 1996 à Auxerre;1996;Magazine TV;Magazine football;AJ Auxerre;;;TF1;Français;;0;Téléfoot;
Téléfoot - novembre 1996 avec Gregory Wimbee qui a marqué un but contre Lens;1996;Magazine TV;Buts, Magazine football;RC Lens;;;TF1;Français;;0;Téléfoot;
Téléfoot - Téléfoot PSG Rapid de Vienne - Auxerre Champion - mai 1996 - YouTube;1996;Magazine TV;Magazine football;AJ Auxerre, Paris Saint-Germain;;;TF1;Français;;0;Téléfoot;
Cantona;1997;Documentaire;Carrière, Club, Portrait;France, Manchester United;Éric Cantona;;;;;0;;
Formule Foot - 22 mars;1997;Magazine TV;Ligue 1, Magazine football;;;22/03/1997;TF1;Français;;0;Formule Foot;
Formule Foot - 30 avril;1997;Magazine TV;Ligue 1, Magazine football;;;30/04/1997;TF1;Français;;0;Formule Foot;
Téléfoot - 25 mai;1997;Magazine TV;Magazine football;;;25/05/1997;TF1;Français;;0;Téléfoot;
Téléfoot - 8 juin;1997;Magazine TV;Magazine football;;;08/06/1997;TF1;Français;;0;Téléfoot;
Formule Foot - 15 août;1997;Magazine TV;Ligue 1, Magazine football;;;15/08/1997;TF1;Français;;0;Formule Foot;
Téléfoot - 14 septembre;1997;Magazine TV;Magazine football;;;14/09/1997;TF1;Français;;0;Téléfoot;
Campionato io ti amo - Saison 1996-1997;1997;Rétrospective;Histoire du football italien, Serie A;;;;Rai Sport;Italien;DVD;0;Campionato Io ti amo;
Formule Foot - 1996-97 - J35;1997;Magazine TV;Ligue 1, Magazine football;;;;TF1;Français;;0;Formule Foot;
L'OM - un siècle - une légende;1997;Film officiel, Rétrospective;Club, Histoire du football;Olympique de Marseille;;;TF1 Vidéo;Français;;0;;
Téléfoot - à Monaco pour le titre de champion de France;1997;Magazine TV;Magazine football;AS Monaco;;;TF1;Français;;0;Téléfoot;
Téléfoot - fête ses 20 ans en septembre;1997;Magazine TV;Histoire du football, Magazine football;;;;TF1;Français;;0;Téléfoot;
Téléfoot - JUIN;1997;Magazine TV;Magazine football;;;;TF1;Français;;0;Téléfoot;
Coupe du Monde 1998 - Le jour d'après;1998;Reportage, Émission spéciale;Coupe du monde 1998, Célébrations, Supporters, Équipe de France;France;Aimé Jacquet, Didier Deschamps, Lilian Thuram, Zinedine Zidane;13/07/1998;TF1;Français;MP4;0;;Date de diffusion inférée du titre « Le jour d'après » après la finale du 12 juillet 1998.
La finale France-Brésil commentée par Aimé Jacquet;1998;Analyse, Archive TV;Analyse, Coupe du monde 1998, Finale, Équipe de France;Brésil, France;Aimé Jacquet, Didier Deschamps, Ronaldo Nazário, Zinedine Zidane;29/12/1998;Canal+;Français;MKV;0;La Nuit du Foot;Le nom indiquait 1999 
La Nuit du Foot - 29 décembre 1998;1998;Archive TV, Émission spéciale;Coupe du Monde (général), Coupe du monde 1998, Histoire du football, Sélections nationales;France;Aimé Jacquet;29/12/1998;Canal+;Français;MPG;0;La Nuit du Foot;Le fichier source est signalé avec une image tremblante.
Téléfoot - Coupe du Monde 1998 - Des huitièmes à la finale;1998;Magazine TV, Spécial compétition;Coupe du monde 1998, Magazine football, Phase finale, Équipe de France;France;Aimé Jacquet, Didier Deschamps, Emmanuel Petit, Fabien Barthez, Ronaldo Nazário, Zinedine Zidane;;TF1;Français;MKV;0;Téléfoot;Compilation/émission Téléfoot couvrant la phase à élimination directe.
Téléfoot - Coupe du Monde 1998 - 1er tour;1998;Magazine TV, Spécial compétition;Coupe du monde 1998, Magazine football, Équipe de France;France;Aimé Jacquet, Didier Deschamps, Lilian Thuram, Zinedine Zidane;;TF1;Français;MKV;0;Téléfoot;Compilation/émission Téléfoot consacrée au premier tour.
Les yeux dans les bleus;1998;Documentaire, Reportage coulisses;Coulisses, Coupe du monde 1998, Vie de groupe, Équipe de France;France;Aimé Jacquet, Didier Deschamps, Fabien Barthez, Laurent Blanc, Lilian Thuram, Zinedine Zidane;;Canal+;Français;MKV;157;Les Yeux dans les Bleus;Documentaire de Stéphane Meunier, au cœur du groupe France pendant le Mondial., produit par 2P2L
Les Yeux dans les Bleus - Bonus Tignes;1998;Bonus documentaire, Coulisses;Coulisses, Coupe du monde 1998, Préparation, Équipe de France;France;Aimé Jacquet, Didier Deschamps, Lilian Thuram, Zinedine Zidane;;Canal+;Français;AVI;0;Les Yeux dans les Bleus;Bonus consacré au stage de préparation à Tignes.
Coupe du Monde 1998 - Le parcours des Bleus;1998;Compilation, Rétrospective;Coupe du monde 1998, Parcours, Équipe de France;France;Aimé Jacquet, Didier Deschamps, Lilian Thuram, Zinedine Zidane;;Eurosport;Français;MP4;0;;Rétrospective Eurosport du parcours français.
Coupe du Monde 1998 - Le parcours de l'équipe de France jusqu'à la finale;1998;Compilation, Rétrospective;Coupe du monde 1998, Parcours, Équipe de France;France;Aimé Jacquet, Didier Deschamps, Lilian Thuram, Zinedine Zidane;;Eurosport;Français;AVI;0;;Récapitulatif du parcours des Bleus jusqu'à la finale.
La France dans la rue;1998;Archive TV, Reportage;Coupe du monde 1998, Ferveur populaire, Finale, Supporters, Équipe de France;France;Aimé Jacquet, Didier Deschamps, Lilian Thuram, Zinedine Zidane;;TF1;Français;MP4;0;;Reportage centré sur la liesse populaire 
En route vers la victoire;1998;Documentaire, Rétrospective;Coupe du monde 1998, Parcours, Équipe de France;France;Aimé Jacquet, Didier Deschamps, Lilian Thuram, Zinedine Zidane;;France Télévisions;Français;MP4;0;;Titre issu du fichier 
Émois d'un mois;1998;Documentaire, Rétrospective;Coupe du monde 1998, Société, Supporters, Équipe de France;France;Aimé Jacquet, Didier Deschamps, Lilian Thuram, Zinedine Zidane;;France 2;Français;MP4;0;;Rétrospective de la période de la Coupe du monde 
Champions du monde : la France en fête;1998;Reportage, Rétrospective;Coupe du monde 1998, Ferveur populaire, Finale, Supporters, Équipe de France;Brésil, France;Aimé Jacquet, Didier Deschamps, Emmanuel Petit, Fabien Barthez, Ronaldo Nazário, Zinedine Zidane;;;Français;AVI;0;;Reportage de Marc Bessou, produit spécialement pour la vidéo, tourné le jour de la finale et lors des célébrations.
On est les champions;1998;Documentaire, Reportage;Coupe du monde 1998, Ferveur populaire, Finale, Supporters, Équipe de France;Brésil, France;Aimé Jacquet, Didier Deschamps, Emmanuel Petit, Fabien Barthez, Ronaldo Nazário, Zinedine Zidane;;Canal+;Français;AVI;0;;Documentaire de Patrick Menais construit à partir de vidéos amateurs de supporters lors du 12 juillet 1998.
France 98 - La France en fête;1998;Reportage, Rétrospective;Coupe du monde 1998, Ferveur populaire, Finale, Supporters, Équipe de France;Brésil, France;Aimé Jacquet, Didier Deschamps, Emmanuel Petit, Fabien Barthez, Ronaldo Nazário, Zinedine Zidane;;;Français;TS;0;;Titre générique 
France 98 Aimé Jacquet après la victoire en 14 de finale Archive INA;1998;Archive TV;Coupe du Monde (général), Coupe du monde 1998, Sélections nationales, Équipe de France;France;Aimé Jacquet;;;Français;;2;;Archive INA.
France 98 fête Aimé Jacquet à Thônes Archive INA;1998;Archive TV;Coupe du Monde (général), Coupe du monde 1998, Sélections nationales, Équipe de France;France;Aimé Jacquet;;;Français;;2;;Archive INA.
La stratégie d'Aimé Jacquet pour France 98 Archive INA;1998;Archive TV;Coupe du Monde (général), Coupe du monde 1998, Sélections nationales, Équipe de France;France;Aimé Jacquet;;;Français;;2;;Archive INA.
20h France 2 du 19 juin 1998 Zidane suspendu pour la Coupe du Monde Archive INA;1998;Archive TV;Coupe du Monde (général), Coupe du monde 1998, Sélections nationales, Équipe de France;France;Zinédine Zidane;19/06/1998;France 2;Français;;38;Journal de France 2;Archive INA.
Qui est Zinédine Zidane Archive INA;1998;Archive TV;Coupe du Monde (général), Coupe du monde 1998, Sélections nationales, Équipe de France;France;Zinédine Zidane;;;Français;;2;;Archive INA.
Téléfoot - (1998 Novembre avec Jean Pierre Papin);1998;Magazine TV;Magazine football;;Jean-Pierre Papin;;TF1;Français;;0;Téléfoot;
Coupe du Monde 1998 - Les meilleurs joueurs;1998;Compilation, Rétrospective;Coupe du monde 1998, Joueurs, Performances;;Davor Šuker, Dennis Bergkamp, Ronaldo Nazário, Zinedine Zidane;;TF1;Français;MP4;0;;Titre correspondant à une édition vidéo annoncée à l'automne 1998.
Coupe du Monde 1998 - France-Croatie (2-1);1998;Documentaire;Coupe du Monde (général), Coupe du monde 1998, Demi-finale, Sélections nationales, Équipe de France;Croatie, France;Davor Šuker, Lilian Thuram;08/07/1998;;;;5;;
Garden-party de l'Élysée - 14 juillet 1998;1998;Archive TV, Émission spéciale;Coupe du monde 1998, Célébrations, Politique, Équipe de France;France;Aimé Jacquet, Didier Deschamps, Jacques Chirac, Zinedine Zidane;14/07/1998;France 2;Français;MP4;0;;Date tirée explicitement du titre 
Réaction Jacques Chirac;1998;Documentaire;Coupe du Monde (général), Coupe du monde 1998, Sélections nationales, Équipe de France;France;Jacques Chirac;;;;;0;;
Coupe du Monde 1998 - Tous les buts de l'équipe de France en direct;1998;Archive TV, Compilation;Buts, Coupe du monde 1998, Équipe de France;France;Christophe Dugarry, Emmanuel Petit, Lilian Thuram, Thierry Henry, Zinedine Zidane;;TF1;Français;MP4;0;;Compilation des buts des Bleus avec commentaires TV d'époque.
La Coupe de la Gloire - Film officiel de la Coupe du Monde 1998;1998;Documentaire, Film officiel;Coupe du Monde (général), Coupe du monde 1998, Histoire du football, Sélections nationales;;Davor Šuker, Dennis Bergkamp, Ronaldo Nazário, Zinedine Zidane;;FIFA;Français;MKV;85;FIFA World Cup Official Film;Version française du film officiel FIFA. Réalisation : Drummond Challis et David Wooster.
Eurogoals - 25 janvier;1998;Magazine TV;Magazine football;;;25/01/1998;Eurosport;Français;;0;Eurogoals;
20h France 2 du 27 janvier 1998 Perquisitions chez Roland Dumas Archive INA;1998;Archive TV;Coupe du Monde (général), Coupe du monde 1998, Sélections nationales, Équipe de France;France;;27/01/1998;France 2;Français;;40;Journal de France 2;Archive INA.
TF1 - 28 janvier 1998 - Inauguration Stade de France (Doc-PARTIEL);1998;Archive TV;Coupe du Monde (général), Coupe du monde 1998, Sélections nationales, Équipe de France;France;;28/01/1998;TF1;Français;;43;;
TF1 - 28 janvier 1998 - Inauguration Stade de France (Spectacle);1998;Archive TV;Coupe du Monde (général), Coupe du monde 1998, Sélections nationales, Équipe de France;France;;28/01/1998;TF1;Français;;46;;
20h France 2 du 28 janvier 1998 L'inauguration du Stade de France Archive INA;1998;Archive TV;Coupe du Monde (général), Coupe du monde 1998, Sélections nationales, Équipe de France;France;;28/01/1998;France 2;Français;;41;Journal de France 2;Archive INA.
Formule Foot - 7 mars;1998;Magazine TV;Ligue 1, Magazine football;;;07/03/1998;TF1;Français;;0;Formule Foot;
Un Monde Foot (Partiel);1998;Documentaire;Football;;;07/05/1998;France 2;Français;;0;;Fichier partiel
Téléfoot - 10 mai;1998;Magazine TV;Magazine football;RC Lens;;10/05/1998;TF1;Français;;0;Téléfoot;Doublon/variante présent dans le fichier source
Europe des Onze - 11 mai;1998;Magazine TV;Championnats européens, Magazine football;;;11/05/1998;Canal+ Belgique;Français;;0;Europe des Onze;
20h France 2 du 23 MAI 1998;1998;Archive TV;Coupe du Monde (général), Coupe du monde 1998, Sélections nationales, Équipe de France;France;;23/05/1998;France 2;Français;;38;Journal de France 2;
20h France 2 du 25 mai 1998;1998;Archive TV;Coupe du Monde (général), Coupe du monde 1998, Sélections nationales, Équipe de France;France;;25/05/1998;France 2;Français;;39;Journal de France 2;
20h France 2 du 26 mai 1998;1998;Archive TV;Coupe du Monde (général), Coupe du monde 1998, Sélections nationales, Équipe de France;France;;26/05/1998;France 2;Français;;39;Journal de France 2;
20h France 2 du 27 mai 1998 - France 98 Archive INA;1998;Archive TV;Coupe du Monde (général), Coupe du monde 1998, Sélections nationales, Équipe de France;France;;27/05/1998;France 2;Français;;40;Journal de France 2;Archive INA.
20h France 2 du 1ER JUIN 1998;1998;Archive TV;Coupe du Monde (général), Coupe du monde 1998, Sélections nationales, Équipe de France;France;;01/06/1998;France 2;Français;;38;Journal de France 2;
20h France 2 du 2 JUIN 1998;1998;Archive TV;Coupe du Monde (général), Coupe du monde 1998, Sélections nationales, Équipe de France;France;;02/06/1998;France 2;Français;;0;Journal de France 2;
20h France 2 du 3 JUIN 1998;1998;Archive TV;Coupe du Monde (général), Coupe du monde 1998, Sélections nationales, Équipe de France;France;;03/06/1998;France 2;Français;;41;Journal de France 2;
20h France 2 du 4 juin 1998;1998;Archive TV;Coupe du Monde (général), Coupe du monde 1998, Sélections nationales, Équipe de France;France;;04/06/1998;France 2;Français;;40;Journal de France 2;
20h France 2 du 5 juin 1998;1998;Archive TV;Coupe du Monde (général), Coupe du monde 1998, Sélections nationales, Équipe de France;France;;05/06/1998;France 2;Français;;39;Journal de France 2;
La Cinquième - 7 Juin 1998 - La planète ronde (Partie 1);1998;Compilation;Coupe du Monde (général), Coupe du monde 1998, Sélections nationales, Équipe de France;France;;07/06/1998;La Cinquième;Français;;53;;
La Cinquième - 7 Juin 1998 - La planète ronde (Partie 2);1998;Compilation;Coupe du Monde (général), Coupe du monde 1998, Sélections nationales, Équipe de France;France;;07/06/1998;La Cinquième;Français;;31;;
20h France 2 du 7 JUIN 1998;1998;Archive TV;Coupe du Monde (général), Coupe du monde 1998, Sélections nationales, Équipe de France;France;;07/06/1998;France 2;Français;;38;Journal de France 2;
20h France 2 du 8 juin 1998;1998;Archive TV;Coupe du Monde (général), Coupe du monde 1998, Sélections nationales, Équipe de France;France;;08/06/1998;France 2;Français;;39;Journal de France 2;
Un Monde de Géant - Spectacle de la Coupe du Monde 1998;1998;Archive TV, Émission spéciale;Coupe du Monde (général), Coupe du monde 1998, Culture football, Cérémonie, Sélections nationales, Équipe de France;France;;09/06/1998;TF1;Français;;184;;
France 3 - 9 Juin 1998 - Tout le Sport + Journal de la Coupe;1998;Magazine TV;Coupe du Monde (général), Coupe du monde 1998, Sélections nationales, Équipe de France;France;;09/06/1998;France 3;Français;;23;Tout le Sport;
20h France 2 du 9 juin 1998 - Lancement de la Coupe du Monde de Football Archive INA;1998;Archive TV;Coupe du Monde (général), Coupe du monde 1998, Sélections nationales, Équipe de France;France;;09/06/1998;France 2;Français;;39;Journal de France 2;Archive INA.
TF1 20H Titre 09061998 début coupe du monde 1998 (PPDA);1998;Archive TV;Coupe du Monde (général), Coupe du monde 1998, Sélections nationales, Équipe de France;France;;09/06/1998;TF1;Français;;0;;
20h France 2 du 10 JUIN 1998;1998;Archive TV;Coupe du Monde (général), Coupe du monde 1998, Sélections nationales, Équipe de France;France;;10/06/1998;France 2;Français;;40;Journal de France 2;
20h France 2 du 11 JUIN 1998 fin de l'affaire Auroez Drossard Yves Montand - Archive INA;1998;Archive TV;Affaires et scandales, Coupe du Monde (général), Coupe du monde 1998, Sélections nationales, Équipe de France;France;;11/06/1998;France 2;Français;;31;Journal de France 2;Archive INA.
20h France 2 du 12 juin 1998 Les Bleus débutent la Coupe du Monde Archive INA;1998;Archive TV;Coupe du Monde (général), Coupe du monde 1998, Sélections nationales, Équipe de France;France;;12/06/1998;France 2;Français;;38;Journal de France 2;Archive INA.
20h France 2 du 13 juin 1998 - Disparition d'Eric Tabarly Archive INA;1998;Archive TV;Coupe du Monde (général), Coupe du monde 1998, Sélections nationales, Équipe de France;France;;13/06/1998;France 2;Français;;39;Journal de France 2;Archive INA.
20h France 2 du 14 juin 1998 Dispartion d'Éric Tabarly - Archive INA;1998;Archive TV;Coupe du Monde (général), Coupe du monde 1998, Sélections nationales, Équipe de France;France;;14/06/1998;France 2;Français;;31;Journal de France 2;Archive INA.
France 3 - 15 Juin 1998 - Tout le Sport + Journal de la Coupe;1998;Magazine TV;Coupe du Monde (général), Coupe du monde 1998, Sélections nationales, Équipe de France;France;;15/06/1998;France 3;Français;;28;Tout le Sport;
20h France 2 du EMISSION DU 15 JUIN 1998 - archive vidéo INA;1998;Archive TV;Coupe du Monde (général), Coupe du monde 1998, Sélections nationales, Équipe de France;France;;15/06/1998;France 2;Français;;40;Journal de France 2;
20h France 2 du 16 JUIN 1998;1998;Archive TV;Coupe du Monde (général), Coupe du monde 1998, Sélections nationales, Équipe de France;France;;16/06/1998;France 2;Français;;40;Journal de France 2;
20h France 2 du 17 JUIN 1998;1998;Archive TV;Coupe du Monde (général), Coupe du monde 1998, Sélections nationales, Équipe de France;France;;17/06/1998;France 2;Français;;40;Journal de France 2;
20h France 2 du 18 juin 1998 Archive INA;1998;Archive TV;Coupe du Monde (général), Coupe du monde 1998, Sélections nationales, Équipe de France;France;;18/06/1998;France 2;Français;;39;Journal de France 2;Archive INA.
TF1 - 19 Juin 1998 - Pubs et BA;1998;Archive TV;Coupe du Monde (général), Coupe du monde 1998, Sélections nationales, Équipe de France;France;;19/06/1998;TF1;Français;;28;;
20h France 2 du 20 JUIN 1998;1998;Archive TV;Coupe du Monde (général), Coupe du monde 1998, Sélections nationales, Équipe de France;France;;20/06/1998;France 2;Français;;31;Journal de France 2;
20h France 2 du 21 JUIN 1998;1998;Archive TV;Coupe du Monde (général), Coupe du monde 1998, Sélections nationales, Équipe de France;France;;21/06/1998;France 2;Français;;38;Journal de France 2;
20h France 2 du 22 JUIN 1998;1998;Archive TV;Coupe du Monde (général), Coupe du monde 1998, Sélections nationales, Équipe de France;France;;22/06/1998;France 2;Français;;40;Journal de France 2;
20h France 2 du 23 JUIN 1998;1998;Archive TV;Coupe du Monde (général), Coupe du monde 1998, Sélections nationales, Équipe de France;France;;23/06/1998;France 2;Français;;31;Journal de France 2;
20h France 2 du 24 juin 1998 La France qualifiée face au Danemark Archive INA;1998;Archive TV;Coupe du Monde (général), Coupe du monde 1998, Sélections nationales, Équipe de France;France;;24/06/1998;France 2;Français;;40;Journal de France 2;Archive INA.
20h France 2 du 25 juin 1998 Disparition de Lounès Matoub Archive INA;1998;Archive TV;Coupe du Monde (général), Coupe du monde 1998, Sélections nationales, Équipe de France;France;;25/06/1998;France 2;Français;;32;Journal de France 2;Archive INA.
20h France 2 du 26 JUIN 1998;1998;Archive TV;Coupe du Monde (général), Coupe du monde 1998, Sélections nationales, Équipe de France;France;;26/06/1998;France 2;Français;;39;Journal de France 2;
France 3 - 27 Juin 1998 - Tout le Sport + Journal de la Coupe (Partiel);1998;Magazine TV;Coupe du Monde (général), Coupe du monde 1998, Sélections nationales, Équipe de France;France;;27/06/1998;France 3;Français;;15;Tout le Sport;
RTBF2 - 27 Juin 1998 - Journal de la Coupe (Edition Soir);1998;Magazine TV;Coupe du Monde (général), Coupe du monde 1998, Sélections nationales, Équipe de France;France;;27/06/1998;RTBF;Français;;29;;
20h France 2 du 27 JUIN 1998;1998;Archive TV;Coupe du Monde (général), Coupe du monde 1998, Sélections nationales, Équipe de France;France;;27/06/1998;France 2;Français;;38;Journal de France 2;
20h France 2 du 28 juin 1998 Les bleus en 18 de finale Archive INA;1998;Archive TV;Coupe du Monde (général), Coupe du monde 1998, Sélections nationales, Équipe de France;France;;28/06/1998;France 2;Français;;35;Journal de France 2;Archive INA.
20h France 2 du 29 juin 1998 Les Bleus prêts pour les 14 de finale Archive INA;1998;Archive TV;Coupe du Monde (général), Coupe du monde 1998, Sélections nationales, Équipe de France;France;;29/06/1998;France 2;Français;;41;Journal de France 2;Archive INA.
20h France 2 du 30 JUIN 1998;1998;Archive TV;Coupe du Monde (général), Coupe du monde 1998, Sélections nationales, Équipe de France;France;;30/06/1998;France 2;Français;;41;Journal de France 2;
20h France 2 du 1 juillet 1998 L'équipe de France prépare son quart de finale Archive INA;1998;Archive TV;Coupe du Monde (général), Coupe du monde 1998, Sélections nationales, Équipe de France;France;;01/07/1998;France 2;Français;;40;Journal de France 2;Archive INA.
20h France 2 du 2 juillet 1998 6 mois de prison ferme pour Bernard Tapie Archive INA;1998;Archive TV;Affaires et scandales, Coupe du Monde (général), Coupe du monde 1998, Sélections nationales, Équipe de France;France;;02/07/1998;France 2;Français;;41;Journal de France 2;Archive INA.
20h France 2 du 3 JUILLET 1998 La France va en 12 finale Archive INA;1998;Archive TV;Coupe du Monde (général), Coupe du monde 1998, Sélections nationales, Équipe de France;France;;03/07/1998;France 2;Français;;31;Journal de France 2;Archive INA.
20h France 2 du 4 juillet 1998 Les bleus se préparent à Clairefontaine Archive INA;1998;Archive TV;Coupe du Monde (général), Coupe du monde 1998, Formation, Sélections nationales, Équipe de France;France;;04/07/1998;France 2;Français;;38;Journal de France 2;Archive INA.
20h France 2 du 5 juillet 1998 Les bleus en route pour la 12 finale du mondial 1998 Archive INA;1998;Archive TV;Coupe du Monde (général), Coupe du monde 1998, Sélections nationales, Équipe de France;France;;05/07/1998;France 2;Français;;39;Journal de France 2;Archive INA.
France 3 - 6 Juillet 1998 - Tout le Sport & Journal de la Coupe du Monde;1998;Magazine TV;Coupe du Monde (général), Coupe du monde 1998, Sélections nationales, Équipe de France;France;;06/07/1998;France 3;Français;;24;Tout le Sport;
20h France 2 du 6 juillet 1998 Le plan Aubry Archive INA;1998;Archive TV;Coupe du Monde (général), Coupe du monde 1998, Sélections nationales, Équipe de France;France;;06/07/1998;France 2;Français;;41;Journal de France 2;Archive INA.
France 3 - 7 Juillet 1998 - Tout le Sport + Journal de la coupe;1998;Magazine TV;Coupe du Monde (général), Coupe du monde 1998, Sélections nationales, Équipe de France;France;;07/07/1998;France 3;Français;;19;Tout le Sport;
20h France du 7 juillet 1998 Brésil Pays-bas pour une place en finale Archive INA;1998;Archive TV;Coupe du Monde (général), Coupe du monde 1998, Sélections nationales, Équipe de France;France;;07/07/1998;;Français;;34;;Archive INA.
20h France 2 du 8 juillet 1998 Ambiance avant la 12 finale de France 98 Archive INA;1998;Archive TV;Coupe du Monde (général), Coupe du monde 1998, Sélections nationales, Équipe de France;France;;08/07/1998;France 2;Français;;40;Journal de France 2;Archive INA.
20h France 2 du 9 juillet 1998 Les bleus vont en finale Archive INA;1998;Archive TV;Coupe du Monde (général), Coupe du monde 1998, Sélections nationales, Équipe de France;France;;09/07/1998;France 2;Français;;40;Journal de France 2;Archive INA.
20h France 2 du 10 juillet 1998 La France toucher par la grâce du Football Archive INA;1998;Archive TV;Coupe du Monde (général), Coupe du monde 1998, Sélections nationales, Équipe de France;France;;10/07/1998;France 2;Français;;39;Journal de France 2;Archive INA.
20h France 2 du 11 juillet 1998 Le grand départ du Tour de France Archive INA;1998;Archive TV;Coupe du Monde (général), Coupe du monde 1998, Sélections nationales, Équipe de France;France;;11/07/1998;France 2;Français;;37;Journal de France 2;Archive INA.
12 juillet 98 la soirée et la fête à Toulouse;1998;Documentaire;Coupe du Monde (général), Coupe du monde 1998, Sélections nationales, Équipe de France;France;;12/07/1998;;;;2;;
1998-07-12 - Téléfoot - TF1;1998;Magazine TV;Coupe du Monde (général), Coupe du monde 1998, Sélections nationales, Équipe de France;France;;12/07/1998;TF1;Français;;88;;
France 98 souvenez-vous de ce 12 juillet;1998;Documentaire;Coupe du Monde (général), Coupe du monde 1998, Sélections nationales, Équipe de France;France;;12/07/1998;;;;5;;
Zapping Canal+ - Finale France-Brésil - 12 juillet 1998;1998;Archive TV, Compilation;Coupe du Monde (général), Coupe du monde 1998, Finale, Sélections nationales, Équipe de France;Brésil, France;;12/07/1998;Canal+;Français;;6;;
RTBF2 - 12 Juillet 1998 - Journal de la Coupe (CdM 98);1998;Magazine TV;Coupe du Monde (général), Coupe du monde 1998, Sélections nationales, Équipe de France;France;;12/07/1998;RTBF;Français;;36;;
20h France 2 du 12 juillet 1998 La France en Finale Archive INA;1998;Archive TV;Coupe du Monde (général), Coupe du monde 1998, Sélections nationales, Équipe de France;France;;12/07/1998;France 2;Français;;43;Journal de France 2;Archive INA.
Journal de 20h avant finale Coupe du Monde 98 - TF1 - 12 juillet 1998;1998;Archive TV;Coupe du Monde (général), Coupe du monde 1998, Sélections nationales, Équipe de France;France;;12/07/1998;TF1;Français;;36;;
JT 13h Finale Mondial 98 - France 2 - Dimanche 12 juillet 1998 partiel;1998;Archive TV;Coupe du Monde (général), Coupe du monde 1998, Sélections nationales, Équipe de France;France;;12/07/1998;France 2;Français;;21;Journal de France 2;
Téléfoot - 12 juillet;1998;Magazine TV;Magazine football;;;12/07/1998;TF1;Français;;0;Téléfoot;
20h France 2 du 13 juillet 1998 Les Bleus champions du monde Archive INA;1998;Archive TV;Coupe du Monde (général), Coupe du monde 1998, Sélections nationales, Équipe de France;France;;13/07/1998;France 2;Français;;45;Journal de France 2;Archive INA.
JT 20h;1998;Archive TV, Émission spéciale;Football;;;13/07/1998;;;;0;;
France 98 La Garden Party du 14 juillet en intégralité Archive INA;1998;Archive TV;Coupe du Monde (général), Coupe du monde 1998, Sélections nationales, Équipe de France;France;;14/07/1998;;Français;;21;;Archive INA.
20h France 2 du 14 juillet 1998 Les Bleus à l'Elysée Archive INA;1998;Archive TV;Coupe du Monde (général), Coupe du monde 1998, Sélections nationales, Équipe de France;France;;14/07/1998;France 2;Français;;46;Journal de France 2;Archive INA.
Les Yeux dans les Bleus + bonus;1998;Documentaire;Coupe du Monde (général), Sélections nationales, Équipe de France;France;;14/07/1998;Canal+;Français;;157;;Le nom du fichier mentionne « + bonus »
Téléfoot - 13 septembre;1998;Magazine TV;Magazine football;;;13/09/1998;TF1;Français;;0;Téléfoot;
Téléfoot - 22 novembre;1998;Magazine TV;Magazine football;;;22/11/1998;TF1;Français;;0;Téléfoot;
Téléfoot - 13 décembre;1998;Magazine TV;Magazine football;;;13/12/1998;TF1;Français;;0;Téléfoot;Fichier incomplet
Le Zapping - Coupe du Monde 1998;1998;Archive TV, Compilation;Coupe du monde 1998, Médias, Télévision;;;;Canal+;Français;AVI;0;Le Zapping;Montage de séquences télévisées autour du Mondial 1998.
Coupe du Monde 1998 - Émission spéciale;1998;Archive TV, Émission spéciale;Coupe du monde 1998, Équipe de France;France;;;TF1;Français;MKV;0;;Le nom d'origine contient la mention « Eric Zabel », qui semble incohérente avec le football 
Coupe du Monde 1998 - Tous les buts - TV françaises;1998;Archive TV, Compilation;Archives TV, Buts, Coupe du monde 1998;;;;;Français;WMV;0;;Montage de buts à partir de diffusions télévisées françaises 
Coupe du Monde 1998 - Tous les buts - Sans commentaires;1998;Compilation;Buts, Coupe du monde 1998;;;;;Sans commentaires;AVI;0;;Compilation de tous les buts du tournoi sans commentaire.
Stade 2 - Coupe du Monde 1998 - Extrait;1998;Archive TV, Magazine TV;Coupe du monde 1998, Magazine sportif;;;;France 2;Français;MP4;0;Stade 2;Extrait d'émission consacré au Mondial 1998.
Coupe du Monde 1998 - Rétrospective - Partie 4;1998;Archive TV, Rétrospective;Coupe du monde 1998, Sélections nationales, Temps forts;;;;France Télévisions;Français;MP4;0;Coupe du Monde 1998 - Rétrospective France TV;Partie 4 sur 4 d'une rétrospective France Télévisions.
Coupe du Monde 1998 - Rétrospective - Partie 3;1998;Archive TV, Rétrospective;Coupe du monde 1998, Sélections nationales, Temps forts;;;;France Télévisions;Français;MP4;0;Coupe du Monde 1998 - Rétrospective France TV;Partie 3 sur 4 d'une rétrospective France Télévisions.
Coupe du Monde 1998 - Rétrospective - Partie 2;1998;Archive TV, Rétrospective;Coupe du monde 1998, Sélections nationales, Temps forts;;;;France Télévisions;Français;MP4;0;Coupe du Monde 1998 - Rétrospective France TV;Partie 2 sur 4 d'une rétrospective France Télévisions.
Coupe du Monde 1998 - Rétrospective - Partie 1;1998;Archive TV, Rétrospective;Coupe du monde 1998, Sélections nationales, Temps forts;;;;France Télévisions;Français;MP4;0;Coupe du Monde 1998 - Rétrospective France TV;Partie 1 sur 4 d'une rétrospective France Télévisions.
L'Esprit de la Coupe du Monde 1998;1998;Documentaire, Rétrospective;Ambiance, Coupe du monde 1998, Supporters, Sélections nationales;;;;Eurosport;Français;MKV;0;;Rétrospective Eurosport consacrée à l'ambiance et aux temps forts du tournoi.
Coupe du Monde 1998 - Les plus beaux moments;1998;Compilation, Rétrospective;Coupe du monde 1998, Temps forts;;;;TF1;Français;AVI;0;;Probable variante/édition vidéo des grands moments du Mondial.
Coupe du Monde 1998 - Les instants magiques;1998;Compilation, Rétrospective;Coupe du monde 1998, Temps forts;;;;TF1;Français;MP4;0;;Compilation de temps forts 
Les Guignols de l'info - Coupe du Monde 1998;1998;Archive TV, Émission humoristique;Coupe du monde 1998, Humour, Médias, Satire;;;;Canal+;Français;MP4;0;Les Guignols de l'info;Compilation/séquences des Guignols consacrées au Mondial 1998.
1998 La France dans la rue;1998;Documentaire;Coupe du Monde (général), Coupe du monde 1998, Sélections nationales, Équipe de France;France;;;;;;97;;
Brésil - Pays-bas (1-1 4-2) Coupe du Monde 98 Telefoot;1998;Documentaire;Coupe du Monde (général), Coupe du monde 1998, Sélections nationales, Équipe de France;France;;;;;;4;;
Cérémonie d'ouverture de la Coupe du Monde 98 au Stade de France Archive INA;1998;Archive TV;Coupe du Monde (général), Coupe du monde 1998, Sélections nationales, Équipe de France;France;;;;Français;;1;;Archive INA.
Coupe du Monde 98 - Le jour d'après (VHS RIP);1998;Documentaire;Coupe du Monde (général), Coupe du monde 1998, Sélections nationales, Équipe de France;France;;;;;VHS;298;;
coupe du monde 98 LES PLUS BEAUX MOMENTS;1998;Documentaire;Coupe du Monde (général), Coupe du monde 1998, Sélections nationales, Équipe de France;France;;;;;;56;;
Députés et mondial;1998;Documentaire;Coupe du Monde (général), Coupe du monde 1998, Sélections nationales, Équipe de France;France;;;;;;1;;
Coupe du Monde 1998 - Documentaire;1998;Documentaire;Coupe du Monde (général), Coupe du monde 1998, Sélections nationales, Équipe de France;France;;;;;;83;;
France 98 dans la foule sur les Champs-Elysées Archive INA;1998;Archive TV;Coupe du Monde (général), Coupe du monde 1998, Supporters, Sélections nationales, Équipe de France;France;;;;Français;;3;;Archive INA.
France 98 En route vers la victoire Archive INA;1998;Archive TV;Coupe du Monde (général), Coupe du monde 1998, Sélections nationales, Équipe de France;France;;;;Français;;45;;Archive INA.
France 98 La finale sur écran géant à Colombes Archive INA;1998;Archive TV;Coupe du Monde (général), Coupe du monde 1998, Sélections nationales, Équipe de France;France;;;;Français;;2;;Archive INA.
France 98 la folie bleue Archive INA;1998;Archive TV;Coupe du Monde (général), Coupe du monde 1998, Supporters, Sélections nationales, Équipe de France;France;;;;Français;;4;;Archive INA.
France 98 la folie des maillots de l'équipe de France Archive INA;1998;Archive TV;Coupe du Monde (général), Coupe du monde 1998, Sélections nationales, Équipe de France;France;;;L'Équipe;Français;;2;;Archive INA.
France 98 La folie des supporters Archive INA;1998;Archive TV;Coupe du Monde (général), Coupe du monde 1998, Supporters, Sélections nationales, Équipe de France;France;;;;Français;;2;;Archive INA.
France 98 la France en effervescence Archive INA;1998;Archive TV;Coupe du Monde (général), Coupe du monde 1998, Sélections nationales, Équipe de France;France;;;;Français;;2;;Archive INA.
France 98 la mode des maillots bleus Archive INA;1998;Archive TV;Coupe du Monde (général), Coupe du monde 1998, Supporters, Sélections nationales, Équipe de France;France;;;;Français;;2;;Archive INA.
France 98 Les Bleus ont reçu la Légion d'Honneur à l'Elysée Archive INA;1998;Archive TV;Coupe du Monde (général), Coupe du monde 1998, Sélections nationales, Équipe de France;France;;;;Français;;2;;Archive INA.
France 98 La nuit de la victoire sur les Champs Elysées Archive INA;1998;Archive TV;Coupe du Monde (général), Coupe du monde 1998, Supporters, Sélections nationales, Équipe de France;France;;;;Français;;2;;Archive INA.
France 98 Les femmes joueurs de l'équipe de France Archive INA;1998;Archive TV;Coupe du Monde (général), Coupe du monde 1998, Football féminin, Sélections nationales, Équipe de France;France;;;L'Équipe;Français;;2;;Archive INA.
France 98 Nuit de fête sur les Champs-Elysées après la victoire Archive INA;1998;Archive TV;Coupe du Monde (général), Coupe du monde 1998, Supporters, Sélections nationales, Équipe de France;France;;;;Français;;2;;Archive INA.
France 98 La finale aux Francs Moisins à Saint-Denis Archive INA;1998;Archive TV;Coupe du Monde (général), Coupe du monde 1998, Sélections nationales, Équipe de France;France;;;;Français;;2;;Archive INA.
France 98 Les Bleus sur les Champs Elysées Archive INA;1998;Archive TV;Coupe du Monde (général), Coupe du monde 1998, Supporters, Sélections nationales, Équipe de France;France;;;;Français;;2;;Archive INA.
France 98 Les Bleus sur les Champs-Elysées - Archive vidéo INA;1998;Archive TV;Coupe du Monde (général), Coupe du monde 1998, Supporters, Sélections nationales, Équipe de France;France;;;;Français;;2;;Archive INA.
France 1998 les souvenirs du chauffeur et de l'intendant des Bleus;1998;Documentaire;Coupe du Monde (général), Coupe du monde 1998, Histoire du football, Sélections nationales, Équipe de France;France;;;;Français;;5;;
I will survive l'histoire étonnante de l'hymne des Bleus au Mondial 1998;1998;Documentaire;Coupe du Monde (général), Coupe du monde 1998, Histoire du football, Sélections nationales, Équipe de France;France;;;;Français;;2;;
La construction du Stade de France - Archive vidéo INA;1998;Archive TV;Coupe du Monde (général), Coupe du monde 1998, Sélections nationales, Équipe de France;France;;;;Français;;1;;Archive INA.
La mode des maillots bleus pour la coupe du monde - Archive INA;1998;Archive TV;Coupe du Monde (général), Coupe du monde 1998, Supporters, Sélections nationales, Équipe de France;France;;;;Français;;2;;Archive INA.
L'équipe de France de football se prépare à France 98 Archive INA;1998;Archive TV;Coupe du Monde (général), Coupe du monde 1998, Sélections nationales, Équipe de France;France;;;L'Équipe;Français;;2;;Archive INA.
Les Bleus à la garden-party de l'Elysée - Archive vidéo INA;1998;Archive TV;Coupe du Monde (général), Coupe du monde 1998, Sélections nationales, Équipe de France;France;;;;Français;;2;;Archive INA.
Mondial 1998 quand les Bleus entrent dans l'histoire;1998;Documentaire;Coupe du Monde (général), Coupe du monde 1998, Histoire du football, Sélections nationales, Équipe de France;France;;;;Français;;1;;
Réactions des ministres sur le mondial de football;1998;Documentaire;Coupe du Monde (général), Coupe du monde 1998, Sélections nationales, Équipe de France;France;;;;;;2;;
tout les buts du mondial 98;1998;Compilation;Buts, Coupe du Monde (général), Coupe du monde 1998, Sélections nationales, Équipe de France;France;;;;;;62;;
Campionato io ti amo - Saison 1997-1998;1998;Rétrospective;Histoire du football italien, Serie A;;;;Rai Sport;Italien;DVD;0;Campionato Io ti amo;
Équipe de france Coupe Du Monde;1998;Documentaire;Coupe du Monde (général), Sélections nationales, Équipe de France;France;;;;;;0;;
Formule Foot - 1997-98 - J03;1998;Magazine TV;Ligue 1, Magazine football;;;;TF1;Français;;0;Formule Foot;
Générations tricolores;1998;Reportage;Coupe du monde 1998, Équipe de France;France;;;France 2;Français;;0;Envoyé spécial;Identification fondée sur le nom du fichier, qui mentionne « Envoyé Spécial Juin 98 »
Téléfoot - 1998 (Téléfoot en direct de Bollaert pour féter le titre);1998;Magazine TV;Magazine football;;;;TF1;Français;;0;Téléfoot;
Téléfoot - au stade Bollaert pour le titre de champion de France de Lens en;1998;Magazine TV;Magazine football;RC Lens;;;TF1;Français;;0;Téléfoot;
Téléfoot - spécial Multiplex Radio en septembre;1998;Magazine TV;Magazine football;;;;TF1;Français;;0;Téléfoot;
France 2 Bouillon de Culture Aimé Jacquet;1999;Documentaire;Portrait;;Aimé Jacquet;03/06/1999;France 2;Français;;0;;
Fréquenstar - Spécial France 98;1999;Magazine TV;Coupe du monde 1998, Médias, Portrait, Équipe de France;France;Aimé Jacquet, Didier Deschamps, Lilian Thuram, Zinedine Zidane;;M6;Français;MP4;0;Fréquenstar;Épisode football exact et invité principal non identifiés avec suffisamment de certitude.
Europe des Onze - 18 janvier;1999;Magazine TV;Championnats européens, Magazine football;;;18/01/1999;Canal+ Belgique;Français;;0;Europe des Onze;
Europe des Onze - 22 mars;1999;Magazine TV;Championnats européens, Magazine football;;;22/03/1999;Canal+ Belgique;Français;;0;Europe des Onze;Fichier incomplet
Jour de Foot - 18 décembre;1999;Magazine TV;Ligue 1, Magazine football;;;18/12/1999;Canal+;Français;;0;Jour de Foot;
Le plus beau match du monde;1999;Documentaire, Rétrospective;Histoire du football, Match de légende;;;;Canal+;Français;MKV;0;;Titre exact conservé. Le sujet précis n'a pas pu être identifié de façon assez sûre 
Campionato io ti amo - Saison 1998-1999;1999;Rétrospective;Histoire du football italien, Serie A;;;;Rai Sport;Italien;DVD;0;Campionato Io ti amo;
D2 Max - 1998-99 - J24;1999;Magazine TV;Ligue 1, Ligue 2, Magazine football;;;;Canal+;Français;;30;D2 Max;
D2 Max - 1998-99 - J30;1999;Magazine TV;Ligue 1, Ligue 2, Magazine football;;;;Canal+;Français;;30;D2 Max;
D2 Max - 1998-99 - J35;1999;Magazine TV;Ligue 1, Ligue 2, Magazine football;;;;Canal+;Français;;30;D2 Max;
D2 Max - 1998-99 - J36;1999;Magazine TV;Ligue 1, Ligue 2, Magazine football;;;;Canal+;Français;;30;D2 Max;
Division 1 - Saison 1998-1999;1999;Résumé de saison, Rétrospective;Ligue 1;;;;;Français;;0;;
On est les champions !;1999;Documentaire;Coupe du Monde (général), Coupe du monde 1998, Rétrospective, Supporters, Sélections nationales, Équipe de France;France;;;Canal+;Français;;66;;Film réalisé en 1999 à partir de films amateurs tournés le jour de la finale du Mondial 1998.
Téléfoot - Bordeaux champion de France;1999;Magazine TV;Magazine football;Girondins de Bordeaux;;;TF1;Français;;0;Téléfoot;
Téléfoot - Girondins de Bordeaux champion99;1999;Magazine TV;Club, Ligue 1, Magazine football;Girondins de Bordeaux;;;TF1;Français;;0;Téléfoot;
Secrets d'actualité - Affaire OM-VA : l'histoire secrète;2000;Enquête, Magazine TV;Affaires et scandales, Club, Corruption, Histoire du football;Olympique de Marseille, Valenciennes;Bernard Tapie, Jacques Glassmann;;M6;Français;;0;Secrets d'actualité;Année indiquée dans la copie d'archive trouvée en ligne : 2000.
Téléfoot - avec José luis Chilavert novembre;2000;Magazine TV;Magazine football;;José Luis Chilavert;;TF1;Français;;0;Téléfoot;
Téléfoot - 16 janvier 2000;2000;Archive TV, Magazine TV;Magazine football;;;16/01/2000;TF1;Français;MPG;0;Téléfoot;
Europe des Onze - 7 février;2000;Magazine TV;Championnats européens, Magazine football;;;07/02/2000;Canal+ Belgique;Français;;0;Europe des Onze;
Téléfoot - 22 avril;2000;Magazine TV;Magazine football;FC Gueugnon;;22/04/2000;TF1;Français;;0;Téléfoot;
Téléfoot - 14 mai;2000;Magazine TV;Magazine football;;;14/05/2000;TF1;Français;;0;Téléfoot;
Téléfoot - 13 août;2000;Magazine TV;Magazine football;;;13/08/2000;TF1;Français;;0;Téléfoot;
2000 cassette officielle;2000;Film officiel;Football;;;;;;;0;;
Campionato io ti amo - 1999-2000 - Bonus 06;2000;Rétrospective;Club, Histoire du football italien, Serie A;Olympique de Marseille;;;Rai Sport;Italien;;0;Campionato Io ti amo;
Campionato io ti amo - 1999-2000 - Bonus 08;2000;Rétrospective;Club, Histoire du football italien, Serie A;Olympique de Marseille;;;Rai Sport;Italien;;0;Campionato Io ti amo;
Campionato io ti amo - 1999-2000 - Bonus 10;2000;Rétrospective;Club, Histoire du football italien, Serie A;Olympique de Marseille;;;Rai Sport;Italien;;0;Campionato Io ti amo;
Campionato io ti amo - 1999-2000 - Bonus 11;2000;Rétrospective;Club, Histoire du football italien, Serie A;Olympique de Marseille;;;Rai Sport;Italien;;0;Campionato Io ti amo;
Campionato io ti amo - 1999-2000 - Bonus 12;2000;Rétrospective;Club, Histoire du football italien, Serie A;Olympique de Marseille;;;Rai Sport;Italien;;0;Campionato Io ti amo;
Campionato io ti amo - 1999-2000 - Bonus 13;2000;Rétrospective;Club, Histoire du football italien, Serie A;Olympique de Marseille;;;Rai Sport;Italien;;0;Campionato Io ti amo;
Campionato io ti amo - Saison 1999-2000;2000;Rétrospective;Club, Histoire du football italien, Serie A;Olympique de Marseille;;;Rai Sport;Italien;DVD;0;Campionato Io ti amo;Doublon/variante présent dans le fichier source
Euro 2000 - Le parcours des bleus;2000;Documentaire;Euro (général), Euro 2000, Sélections nationales, Équipe de France;France;;;;;;0;;
Euro 2000 Foot tout les buts commentaires France Television;2000;Documentaire;Buts, Euro (général), Euro 2000, Sélections nationales;;;;France Télévisions;Français;;0;;
Hors Stade;2000;Documentaire;Football;;;;;;;0;;
Jour de Foot - 1999-00 - J20;2000;Magazine TV;Ligue 1, Magazine football;;;;Canal+;Français;;0;Jour de Foot;
Jour de Foot - 1999-00 - J22;2000;Magazine TV;Ligue 1, Magazine football;;;;Canal+;Français;;0;Jour de Foot;
Jour de Foot - 1999-00 - J32;2000;Magazine TV;Ligue 1, Magazine football;;;;Canal+;Français;;0;Jour de Foot;
Jour de Foot - 1999-2000 - J37;2000;Magazine TV;Ligue 1, Magazine football;;;;Canal+;Français;;0;Jour de Foot;
Jour de Foot - 1999-2000 - J38;2000;Magazine TV;Ligue 1, Magazine football;;;;Canal+;Français;;0;Jour de Foot;
Le Zapping du siècle 1954;2000;Documentaire;Football;;;;;;;0;;
Téléfoot - Monaco champion de France;2000;Magazine TV;Magazine football;AS Monaco;;;TF1;Français;;0;Téléfoot;
Euro 2000 - Review - DVD 1;2000;Compilation, Rétrospective, Spécial compétition;Euro (général), Euro 2000, Sélections nationales;;;;;Français;DVD, MKV;0;Euro 2000 Review;Compilation personnelle - DVD 1 sur 4.
Euro 2000 - Review - DVD 2;2000;Compilation, Rétrospective, Spécial compétition;Euro (général), Euro 2000, Sélections nationales;;;;;Français;DVD, MKV;0;Euro 2000 Review;Compilation personnelle - DVD 2 sur 4.
Euro 2000 - Review - DVD 3;2000;Compilation, Rétrospective, Spécial compétition;Euro (général), Euro 2000, Sélections nationales;;;;;Français;DVD, MKV;0;Euro 2000 Review;Compilation personnelle - DVD 3 sur 4.
Euro 2000 - Review - DVD 4;2000;Compilation, Rétrospective, Spécial compétition;Euro (général), Euro 2000, Sélections nationales;;;;;Français;DVD, MKV;0;Euro 2000 Review;Compilation personnelle - DVD 4 sur 4.
Rui Costa - La Luce;2001;Documentaire;Carrière, Club, Portrait;Benfica, Fiorentina, Portugal;Rui Costa;;;Italien;;50;;DVD commercial identifié. Cassette vidéo présentée en mars 2001 
Téléfoot - 11 février;2001;Magazine TV;Magazine football;;;11/02/2001;TF1;Français;;0;Téléfoot;
Téléfoot - 25 février;2001;Magazine TV;Magazine football;;;25/02/2001;TF1;Français;;0;Téléfoot;
Téléfoot - 24 juin 2001;2001;Archive TV, Magazine TV;Magazine football;;;24/06/2001;TF1;Français;MP4;0;Téléfoot;
Téléfoot - 10 octobre;2001;Magazine TV;Magazine football;;;10/10/2001;TF1;Français;;0;Téléfoot;
Téléfoot - 25 novembre;2001;Magazine TV;Magazine football;;;25/11/2001;TF1;Français;;0;Téléfoot;
Téléfoot - 2 décembre;2001;Magazine TV;Magazine football;;;02/12/2001;TF1;Français;;0;Téléfoot;
Téléfoot - 9 décembre;2001;Magazine TV;Magazine football;;;09/12/2001;TF1;Français;;0;Téléfoot;
Europe des Onze - 17 décembre;2001;Magazine TV;Championnats européens, Magazine football;;;17/12/2001;Canal+ Belgique;Français;;0;Europe des Onze;
Campionato io ti amo - Saison 2000-2001;2001;Rétrospective;Histoire du football italien, Serie A;;;;Rai Sport;Italien;DVD;0;Campionato Io ti amo;
Jour de Foot - 2000-2001 - J34;2001;Magazine TV;Ligue 1, Magazine football;;;;Canal+;Français;;0;Jour de Foot;
Les Yeux dans les Bleus 2 - Dans les coulisses des Bleus;2001;Documentaire;Coulisses, Équipe de France;France;;;Canal+;Français;;89;;
Lyon Saison 2000-2001;2001;Documentaire;Club;Olympique Lyonnais;;;;;;0;;
Téléfoot;2001;Magazine TV;Magazine football;;;;TF1;Français;;0;Téléfoot;Doublon/variante présent dans le fichier source
Téléfoot - FC Nantes champion de France;2001;Magazine TV;Magazine football;FC Nantes;;;TF1;Français;;0;Téléfoot;
Téléfoot - la 1000 ème en octobre;2001;Magazine TV;Magazine football;;;;TF1;Français;;0;Téléfoot;
Les meilleurs moments du Championnat de France - Saison 2000-2001;2001;Compilation, Rétrospective;Ligue 1, Rétrospective de saison;;;;;;VHS;0;;
Téléfoot - 22 septembre;2002;Magazine TV;Magazine football;AJ Auxerre;Guy Roux;22/09/2002;TF1;Français;;0;Téléfoot;
Zidane - Comme dans un rêve;2002;Documentaire;Carrière, Club, Portrait;AS Cannes, France, Girondins de Bordeaux, Juventus, Real Madrid;Zinédine Zidane;23/04/2002;Canal+;Français;;90;;
Téléfoot - d'Avril 2002 avec Mauricio Pochettino et Laurent Deutsch;2002;Magazine TV;Magazine football;;Mauricio Pochettino;;TF1;Français;;0;Téléfoot;
Coupe du Monde 2002 - Des quarts à la finale - DVD 5;2002;Compilation personnelle, Rétrospective;Coupe du Monde (général), Coupe du Monde 2002, Finale, Phase finale, Sélections nationales;Allemagne, Brésil;Oliver Kahn, Rivaldo, Ronaldinho, Ronaldo Nazário;;;Français;MKV;0;Coupe du Monde 2002 - Rétrospective personnelle;Compilation personnelle - DVD 5 sur 5.
À la Clairefontaine - Épisode 1;2002;Série documentaire;Coulisses, Formation, Jeunes, Équipe de France;France;Abou Diaby, Geoffroy Jourdren, Habib Bellaïd, Hatem Ben Arfa, Quentin Westberg, Ricardo Faty;;Canal+;Français;;25;À la Clairefontaine;
À la Clairefontaine - Épisode 10;2002;Série documentaire;Coulisses, Formation, Jeunes, Équipe de France;France;Abou Diaby, Geoffroy Jourdren, Habib Bellaïd, Hatem Ben Arfa, Quentin Westberg, Ricardo Faty;;Canal+;Français;;25;À la Clairefontaine;
À la Clairefontaine - Épisode 11;2002;Série documentaire;Coulisses, Formation, Jeunes, Équipe de France;France;Abou Diaby, Geoffroy Jourdren, Habib Bellaïd, Hatem Ben Arfa, Quentin Westberg, Ricardo Faty;;Canal+;Français;;25;À la Clairefontaine;
À la Clairefontaine - Épisode 12;2002;Série documentaire;Coulisses, Formation, Jeunes, Équipe de France;France;Abou Diaby, Geoffroy Jourdren, Habib Bellaïd, Hatem Ben Arfa, Quentin Westberg, Ricardo Faty;;Canal+;Français;;25;À la Clairefontaine;
À la Clairefontaine - Épisode 13;2002;Série documentaire;Coulisses, Formation, Jeunes, Équipe de France;France;Abou Diaby, Geoffroy Jourdren, Habib Bellaïd, Hatem Ben Arfa, Quentin Westberg, Ricardo Faty;;Canal+;Français;;25;À la Clairefontaine;
À la Clairefontaine - Épisode 14;2002;Série documentaire;Coulisses, Formation, Jeunes, Équipe de France;France;Abou Diaby, Geoffroy Jourdren, Habib Bellaïd, Hatem Ben Arfa, Quentin Westberg, Ricardo Faty;;Canal+;Français;;25;À la Clairefontaine;
À la Clairefontaine - Épisode 15;2002;Série documentaire;Coulisses, Formation, Jeunes, Équipe de France;France;Abou Diaby, Geoffroy Jourdren, Habib Bellaïd, Hatem Ben Arfa, Quentin Westberg, Ricardo Faty;;Canal+;Français;;25;À la Clairefontaine;
À la Clairefontaine - Épisode 16;2002;Série documentaire;Coulisses, Formation, Jeunes, Équipe de France;France;Abou Diaby, Geoffroy Jourdren, Habib Bellaïd, Hatem Ben Arfa, Quentin Westberg, Ricardo Faty;;Canal+;Français;;25;À la Clairefontaine;
À la Clairefontaine - Épisode 2;2002;Série documentaire;Coulisses, Formation, Jeunes, Équipe de France;France;Abou Diaby, Geoffroy Jourdren, Habib Bellaïd, Hatem Ben Arfa, Quentin Westberg, Ricardo Faty;;Canal+;Français;;25;À la Clairefontaine;
À la Clairefontaine - Épisode 3;2002;Série documentaire;Coulisses, Formation, Jeunes, Équipe de France;France;Abou Diaby, Geoffroy Jourdren, Habib Bellaïd, Hatem Ben Arfa, Quentin Westberg, Ricardo Faty;;Canal+;Français;;25;À la Clairefontaine;
À la Clairefontaine - Épisode 4;2002;Série documentaire;Coulisses, Formation, Jeunes, Équipe de France;France;Abou Diaby, Geoffroy Jourdren, Habib Bellaïd, Hatem Ben Arfa, Quentin Westberg, Ricardo Faty;;Canal+;Français;;25;À la Clairefontaine;
À la Clairefontaine - Épisode 5;2002;Série documentaire;Coulisses, Formation, Jeunes, Équipe de France;France;Abou Diaby, Geoffroy Jourdren, Habib Bellaïd, Hatem Ben Arfa, Quentin Westberg, Ricardo Faty;;Canal+;Français;;25;À la Clairefontaine;
À la Clairefontaine - Épisode 6;2002;Série documentaire;Coulisses, Formation, Jeunes, Équipe de France;France;Abou Diaby, Geoffroy Jourdren, Habib Bellaïd, Hatem Ben Arfa, Quentin Westberg, Ricardo Faty;;Canal+;Français;;25;À la Clairefontaine;
À la Clairefontaine - Épisode 7;2002;Série documentaire;Coulisses, Formation, Jeunes, Équipe de France;France;Abou Diaby, Geoffroy Jourdren, Habib Bellaïd, Hatem Ben Arfa, Quentin Westberg, Ricardo Faty;;Canal+;Français;;25;À la Clairefontaine;
À la Clairefontaine - Épisode 8;2002;Série documentaire;Coulisses, Formation, Jeunes, Équipe de France;France;Abou Diaby, Geoffroy Jourdren, Habib Bellaïd, Hatem Ben Arfa, Quentin Westberg, Ricardo Faty;;Canal+;Français;;25;À la Clairefontaine;
À la Clairefontaine - Épisode 9;2002;Série documentaire;Coulisses, Formation, Jeunes, Équipe de France;France;Abou Diaby, Geoffroy Jourdren, Habib Bellaïd, Hatem Ben Arfa, Quentin Westberg, Ricardo Faty;;Canal+;Français;;25;À la Clairefontaine;
Téléfoot - 16 juin;2002;Magazine TV;Magazine football;;;16/06/2002;TF1;Français;;0;Téléfoot;Fichier partiel
Manchester United - The Official History 1878-2002;2002;Documentaire, Vidéo officielle;Club, Histoire du football;Manchester United;;21/10/2002;;Anglais;;170;;Documentaire officiel de 170 min
Téléfoot - 27 octobre;2002;Magazine TV;Magazine football;;;27/10/2002;TF1;Français;;0;Téléfoot;Doublon/variante présent dans le fichier source
Téléfoot - 10 novembre;2002;Magazine TV;Magazine football;;;10/11/2002;TF1;Français;;0;Téléfoot;
Téléfoot - 15 décembre;2002;Magazine TV;Magazine football;;;15/12/2002;TF1;Français;;0;Téléfoot;
Coupe du Monde 2002 - Huitièmes de finale - DVD 4;2002;Compilation personnelle, Rétrospective;Coupe du Monde (général), Coupe du Monde 2002, Sélections nationales;;;;;Français;MKV;0;Coupe du Monde 2002 - Rétrospective personnelle;Compilation personnelle - DVD 4 sur 5.
Coupe du Monde 2002 - 1er tour - DVD 3;2002;Compilation personnelle, Rétrospective;Coupe du Monde (général), Coupe du Monde 2002, Sélections nationales;;;;;Français;MKV;0;Coupe du Monde 2002 - Rétrospective personnelle;Compilation personnelle - DVD 3 sur 5.
Coupe du Monde 2002 - 1er tour - DVD 2;2002;Compilation personnelle, Rétrospective;Coupe du Monde (général), Coupe du Monde 2002, Sélections nationales;;;;;Français;MKV;0;Coupe du Monde 2002 - Rétrospective personnelle;Compilation personnelle - DVD 2 sur 5.
Coupe du Monde 2002 - 1er tour - DVD 1;2002;Compilation personnelle, Rétrospective;Coupe du Monde (général), Coupe du Monde 2002, Sélections nationales;;;;;Français;MKV;0;Coupe du Monde 2002 - Rétrospective personnelle;Compilation personnelle - DVD 1 sur 5.
2002 Tous les buts;2002;Compilation;Buts;;;;;;;0;;
Campionato io ti amo - Saison 2001-2002;2002;Rétrospective;Histoire du football italien, Serie A;;;;Rai Sport;Italien;DVD;0;Campionato Io ti amo;
Jour de Foot - 2001-2002 - J34;2002;Magazine TV;Ligue 1, Magazine football;;;;Canal+;Français;;0;Jour de Foot;
Le film de la Coupe du Monde 2002 part1;2002;Documentaire;Coupe du Monde (général), Coupe du Monde 2002, Sélections nationales;;;;;;;0;;
Le film de la Coupe du Monde 2002 part2;2002;Documentaire;Coupe du Monde (général), Coupe du Monde 2002, Sélections nationales;;;;;;;0;;
Les Yeux dans les Bleus 3 - La Désillusion;2002;Documentaire;Coupe du Monde (général), Sélections nationales, Équipe de France;France;;;Canal+;Français;;88;;
Téléfoot - Lyon champion de France;2002;Magazine TV;Magazine football;Olympique Lyonnais;;;TF1;Français;;0;Téléfoot;Doublon/variante présent dans le fichier source
Téléfoot - 17 août;2003;Magazine TV;Magazine football;;Louis Nicollin;17/08/2003;TF1;Français;;0;Téléfoot;
Téléfoot - Coupe des Confédérations 2003;2003;Archive TV, Magazine TV, Spécial compétition;Coupe des Confédérations (général), Coupe des Confédérations 2003, Magazine football, Sélections nationales;France;Jacques Santini, Thierry Henry;;TF1;Français;Qualité moyenne;0;Téléfoot;Nouveau dossier repéré dans l'inventaire plus complet. Il regroupe des contenus Téléfoot autour de la Coupe des Confédérations 2003
Téléfoot - 2 février;2003;Magazine TV;Magazine football;;;02/02/2003;TF1;Français;;0;Téléfoot;
Europe des Onze - 17 février;2003;Magazine TV;Championnats européens, Magazine football;;;17/02/2003;Canal+ Belgique;Français;;0;Europe des Onze;
Europe des Onze - 24 février;2003;Magazine TV;Championnats européens, Magazine football;;;24/02/2003;Canal+ Belgique;Français;;0;Europe des Onze;
Téléfoot - 2 mars;2003;Magazine TV;Magazine football;;;02/03/2003;TF1;Français;;0;Téléfoot;
Téléfoot - 6 avril;2003;Magazine TV;Magazine football;;;06/04/2003;TF1;Français;;0;Téléfoot;
Téléfoot - 27 avril;2003;Magazine TV;Magazine football;;;27/04/2003;TF1;Français;;0;Téléfoot;
Téléfoot - 4 mai;2003;Magazine TV;Magazine football;;;04/05/2003;TF1;Français;;0;Téléfoot;
Téléfoot - 18 mai;2003;Magazine TV;Magazine football;;;18/05/2003;TF1;Français;;0;Téléfoot;
Téléfoot - 27 juillet;2003;Magazine TV;Magazine football;;;27/07/2003;TF1;Français;;0;Téléfoot;
Week-end Sportif;2003;Archive TV, Émission spéciale;Football;;;24/08/2003;RTBF;Français;;0;;
Téléfoot - 5 octobre;2003;Magazine TV;Magazine football;;;05/10/2003;TF1;Français;;0;Téléfoot;
100 Greatest UEFA Champions League Goals;2003;Compilation;Buts, Histoire du football, Ligue des champions (général), Records;;;;;Anglais;;0;UEFA Champions League;couvrant 1992 à 2003., Édition commerciale répertoriée sous le titre « UEFA Champions League 100 Greatest Goals ». Compilation UEFA des 100 plus beaux buts de la Ligue des champions
Campionato io ti amo - Saison 2002-2003;2003;Rétrospective;Histoire du football italien, Serie A;;;;Rai Sport;Italien;DVD;0;Campionato Io ti amo;
Jour de Foot - Lyon champion de France;2003;Magazine TV;Ligue 1, Magazine football;Olympique Lyonnais;;;Canal+;Français;;0;Jour de Foot;Doublon/variante présent dans le fichier source
Le Périple Rouge;2004;Documentaire;Club, Coulisses, Ligue des champions (général), Ligue des champions 2003-2004, Rétrospective;AS Monaco;Didier Deschamps, Fernando Morientes, Jérôme Rothen, Ludovic Giuly, Patrice Evra;06/06/2004;Canal+;Français;MPG;0;;Retour sur l'épopée européenne de l'AS Monaco en Ligue des champions 2003-2004.
Téléfoot - Euro 2004 - 13 juin 2004;2004;Archive TV, Magazine TV, Spécial compétition;Euro (général), Euro 2004, Magazine football, Sélections nationales;France;Didier Deschamps, Laurent Blanc;13/06/2004;TF1;Français;DVD, MKV;0;Téléfoot;Le fichier comporte aussi une séquence intitulée « Adieu Deschamps Blanc ».
Special Ronaldo 2004 l ESPN Sports FR;2004;Documentaire;Carrière, Club, Portrait;Brésil, Real Madrid;Ronaldo Nazário;;ESPN;Français;;0;;
20 ans de foot;2004;Documentaire;Histoire du football, Ligue 1, Médias;;Hervé Mathoux;;Canal+;Français;;69;;Doublon/variante présent dans le fichier source. Durée corrigée à environ 69 min (jusqu'au générique) 
Téléfoot - 1 février;2004;Magazine TV;Magazine football;;;01/02/2004;TF1;Français;;0;Téléfoot;
Téléfoot - 8 février;2004;Magazine TV;Magazine football;;;08/02/2004;TF1;Français;;0;Téléfoot;
Téléfoot - 22 février;2004;Magazine TV;Magazine football;;;22/02/2004;TF1;Français;;0;Téléfoot;
Europe des Onze - 1 mars;2004;Magazine TV;Championnats européens, Magazine football;;;01/03/2004;Canal+ Belgique;Français;;0;Europe des Onze;
Téléfoot - 14 mars;2004;Magazine TV;Magazine football;;;14/03/2004;TF1;Français;VHS;0;Téléfoot;Source VHS
Téléfoot - 9 mai;2004;Magazine TV;Magazine football;;;09/05/2004;TF1;Français;;0;Téléfoot;
Téléfoot - 23 mai;2004;Magazine TV;Magazine football;;;23/05/2004;TF1;Français;;0;Téléfoot;
Téléfoot - 20 juin 2004;2004;Archive TV, Magazine TV, Spécial compétition;Euro (général), Euro 2004, Magazine football, Sélections nationales;France;;20/06/2004;TF1;Français;MPG;0;Téléfoot;
Téléfoot - Euro 2004 - 20 et 27 juin 2004;2004;Archive TV, Magazine TV, Spécial compétition;Euro (général), Euro 2004, Magazine football, Sélections nationales;France;;27/06/2004;TF1;Français;DVD, MKV;0;Téléfoot;Un même fichier regroupe les émissions des 20 et 27 juin 2004.
Téléfoot - 17 octobre;2004;Magazine TV;Magazine football;;;17/10/2004;TF1;Français;720p;0;Téléfoot;
L'Équipe du Dimanche - 28 novembre;2004;Magazine TV;Championnats européens, Magazine football;;;28/11/2004;Canal+;Français;;45;L'Équipe du Dimanche;
Téléfoot - 5 décembre;2004;Magazine TV;Magazine football;;;05/12/2004;TF1;Français;;0;Téléfoot;
Campionato io ti amo - Saison 2003-2004;2004;Rétrospective;Histoire du football italien, Serie A;;;;Rai Sport;Italien;DVD;0;Campionato Io ti amo;
Le DVD officiel;2004;Film officiel;Football;;;;France Télévisions;Français;DVD;0;;
Téléfoot - Lyon champion de France 2004 37 ème journée;2004;Magazine TV;Magazine football;Olympique Lyonnais;;;TF1;Français;;0;Téléfoot;
Zap foot;2004;Documentaire;Football;;;;;;;0;;
Real - La película;2005;Documentaire, Film officiel;Club, Culture football;Real Madrid;David Beckham, Raúl, Ronaldo Nazário, Zinédine Zidane;26/08/2005;;Espagnol;;91;;Identifié comme « Real, film officiel consacré au Real Madrid., la película » de Borja Manso
David Beckham - Capital;2005;Magazine TV, Portrait;Carrière, Club, Portrait;Angleterre, Real Madrid;David Beckham;;M6;Français;;0;Capital;
L'Équipe du Dimanche - 14 février;2005;Magazine TV;Championnats européens, Magazine football;;;14/02/2005;Canal+;Français;;45;L'Équipe du Dimanche;
Téléfoot - 27 mars;2005;Magazine TV;Magazine football;;;27/03/2005;TF1;Français;720p;0;Téléfoot;
Téléfoot - 17 avril;2005;Magazine TV;Magazine football;;;17/04/2005;TF1;Français;;0;Téléfoot;
Jour de Foot - 27 août;2005;Magazine TV;Ligue 1, Magazine football;;;27/08/2005;Canal+;Français;;0;Jour de Foot;
Campionato io ti amo - Saison 2004-2005;2005;Rétrospective;Histoire du football italien, Serie A;;;;Rai Sport;Italien;DVD;0;Campionato Io ti amo;
Chelsea F C Centenary;2005;Documentaire;Club, Histoire du football;Chelsea;;;;;DVD;0;;
Foot yougoslave;2005;Documentaire;Club, Histoire du football, Yougoslavie;Yougoslavie;;;ESPN;;;0;;
Histoire de la Ligue des champions 1955-2005 - 10 THE 2000 CHAMPIONS 2003-2005;2005;Documentaire;Histoire du football, Ligue des champions (général), Ligue des champions 1955-2005;;;;;;;0;Histoire de la Ligue des champions 1955-2005;
Histoire de la Ligue des champions 1955-2005 - AND NOW CHAMPIONS! 1993-1995;2005;Documentaire;Histoire du football, Ligue des champions (général), Ligue des champions 1955-2005;;;;;;;0;Histoire de la Ligue des champions 1955-2005;
Histoire de la Ligue des champions 1955-2005 - AT THE LAST MINUTE 1981-1986;2005;Documentaire;Histoire du football, Ligue des champions (général), Ligue des champions 1955-2005;;;;;;;0;Histoire de la Ligue des champions 1955-2005;
Histoire de la Ligue des champions 1955-2005 - BLACK & WHITE 1996-1998;2005;Documentaire;Histoire du football, Ligue des champions (général), Ligue des champions 1955-2005;;;;;;;0;Histoire de la Ligue des champions 1955-2005;
Histoire de la Ligue des champions 1955-2005 - FOOTBALL CHAMPAGNE 1987-1992;2005;Documentaire;Histoire du football, Ligue des champions (général), Ligue des champions 1955-2005;;;;;;;0;Histoire de la Ligue des champions 1955-2005;
Histoire de la Ligue des champions 1955-2005 - KINGS OF EUROPE 1999-2002;2005;Documentaire;Histoire du football, Ligue des champions (général), Ligue des champions 1955-2005;;;;;;;0;Histoire de la Ligue des champions 1955-2005;
Histoire de la Ligue des champions 1955-2005 - MADRID IN THE LEGEND 1956-1960;2005;Documentaire;Histoire du football, Ligue des champions (général), Ligue des champions 1955-2005;;;;;;;0;Histoire de la Ligue des champions 1955-2005;
Histoire de la Ligue des champions 1955-2005 - THE GIANTS OF THE NORTH 1974-1980;2005;Documentaire;Histoire du football, Ligue des champions (général), Ligue des champions 1955-2005;;;;;;;0;Histoire de la Ligue des champions 1955-2005;
Histoire de la Ligue des champions 1955-2005 - THE ITALIAN QUEENS 1961-1967;2005;Documentaire;Histoire du football, Ligue des champions (général), Ligue des champions 1955-2005;;;;;;;0;Histoire de la Ligue des champions 1955-2005;
Histoire de la Ligue des champions 1955-2005 - THE TULIPS REVOLUTION 1968-1973;2005;Documentaire;Histoire du football, Ligue des champions (général), Ligue des champions 1955-2005;;;;;;;0;Histoire de la Ligue des champions 1955-2005;
Histoire de la Ligue des champions 1955-2005 - ИСТОРИЯ ФИНАЛОВ 1955-2005;2005;Documentaire;Histoire du football, Ligue des champions (général), Ligue des champions 1955-2005;;;;;;;0;Histoire de la Ligue des champions 1955-2005;
Leeds United - Best of Europe;2005;Compilation, Documentaire;Club, Compétitions européennes, Coupes d’Europe, Histoire du football;Leeds United, Manchester United;;;;Anglais;;95;;Programme présent en deux parties dans le fichier source. DVD consacré aux campagnes européennes de Leeds United de 1967 à 2001.
Football - l'intelligence collective;2006;Documentaire;Club, Football français, Intelligence collective, Tactique;FC Lorient;Christian Gourcuff;;France 5;Français;;52;;
Journal de 20 heures - Retour sur le coup de boule de Zidane;2006;Archive TV, Émission spéciale;Coupe du Monde (général), Sélections nationales, Équipe de France;France;Zinédine Zidane;12/07/2006;France 2;Français;;0;;
Les grands moments de la télé - Les débuts de Zidane;2006;Documentaire;Archives TV, Portrait;;Zinédine Zidane;;France 3;Français;;0;;
Révélations sur un coup de tête;2006;Documentaire;Coupe du Monde (général), Polémique, Équipe de France;France;Zinédine Zidane;;M6;Français;DVD;0;;Source DVD (dossier VIDEO_TS)
Une équipe de rêve;2006;Documentaire;Amitié, Portrait, Société;;Zinédine Zidane;;Arte;Français;;75;;
Maradona - un gamin en or;2006;Documentaire;Club, Football argentin, Portrait;Argentine;Diego Maradona;;Arte;Français;720p;93;;Durée de la version Arte (1 h 33)
Téléfoot - Spécial Coupe du Monde 2006;2006;Magazine TV, Spécial compétition;Coupe du Monde (général), Coupe du Monde 2006, Magazine football, Sélections nationales, Équipe de France;France;Franck Ribéry, Patrick Vieira, Raymond Domenech, Thierry Henry, Zinedine Zidane;;TF1;Français;MKV;0;Téléfoot;Spécial Téléfoot consacré au Mondial 2006 et au parcours de l'équipe de France.
FIFA - Du foot et du fric;2006;Documentaire;Affaires et scandales, Argent, FIFA, Gouvernance;;Andrew Jennings, João Havelange, Sepp Blatter;16/01/2007;Arte;Français;;49;;Production 2006 
À la Clairefontaine - 7 ans après;2006;Documentaire;Coulisses, Formation, Jeunes, Équipe de France;France;Abou Diaby, Geoffroy Jourdren, Habib Bellaïd, Hatem Ben Arfa, Quentin Westberg, Ricardo Faty;08/10/2006;Canal+;Français;;95;À la Clairefontaine;
Téléfoot - 18 juin;2006;Magazine TV;Magazine football;;;18/06/2006;TF1;Français;;0;Téléfoot;
Téléfoot - 25 juin;2006;Magazine TV;Magazine football;;;25/06/2006;TF1;Français;;0;Téléfoot;Passage / extrait
Téléfoot - 2 juillet;2006;Magazine TV;Magazine football;;;02/07/2006;TF1;Français;;0;Téléfoot;Passage / extrait
Téléfoot - 9 juillet;2006;Magazine TV;Magazine football;;;09/07/2006;TF1;Français;;0;Téléfoot;Passage / extrait
L'Équipe du Dimanche - 10 septembre;2006;Magazine TV;Championnats européens, Magazine football;;;10/09/2006;Canal+;Français;;45;L'Équipe du Dimanche;
Téléfoot - 10 septembre;2006;Magazine TV;Magazine football;Real Madrid;;10/09/2006;TF1;Français;;0;Téléfoot;Passage / extrait
Canal+ - 1000e match de Ligue 1;2006;Rétrospective, Émission spéciale;Club, Histoire du football, Ligue 1, Médias, Records;Olympique Lyonnais, Olympique de Marseille;;22/10/2006;Canal+;Français;;0;;OM–Lyon., Émission spéciale autour du 1000e match de Division 1/Ligue 1 diffusé par Canal+
L'Équipe du Dimanche - 29 octobre;2006;Magazine TV;Championnats européens, Magazine football;;;29/10/2006;Canal+;Français;;45;L'Équipe du Dimanche;
Téléfoot - 10 décembre;2006;Magazine TV;Magazine football;;;10/12/2006;TF1;Français;;0;Téléfoot;Passage / extrait
2006 Tous les Buts;2006;Compilation;Buts;;;;;;;0;;
Calcio Mondiali Germania 2006 (Il Film La Storia I Gol I Pianti I Sorrisi Di Tutto E Di Più) Sky Ita;2006;Documentaire;Coupe du Monde (général), Coupe du Monde 2006, Sélections nationales;;;;Sky Sport Italia;Italien;;0;;
Campionato io ti amo - Saison 2005-2006;2006;Rétrospective;Histoire du football italien, Serie A;;;;Rai Sport;Italien;DVD;0;Campionato Io ti amo;
Jour de Foot - Lyon champion France;2006;Magazine TV;Ligue 1, Magazine football;Olympique Lyonnais;;;Canal+;Français;;0;Jour de Foot;
Coupe du Monde 2006 - Parcours de légende - Partie 1;2006;Compilation, Rétrospective;Coupe du Monde (général), Coupe du Monde 2006, Histoire du football, Sélections nationales;;;;;;;0;Parcours de légende;Nom d'uploader « Thewildbunch22 » retiré du titre.
Coupe du Monde 2006 - Parcours de légende - Partie 2;2006;Compilation, Rétrospective;Coupe du Monde (général), Coupe du Monde 2006, Histoire du football, Sélections nationales;;;;;;;0;Parcours de légende;Nom d'uploader « Thewildbunch22 » retiré du titre.
Le Dernier match de Guy Roux Strasbourg Lens en;2007;Documentaire;Club, Entraîneur, Portrait;AJ Auxerre, RC Lens;Guy Roux;;;;;0;;
Hagi - Volumul I - Naționala;2007;Documentaire, Rétrospective;Carrière, Portrait, Sélections nationales;Roumanie;Gheorghe Hagi;;;Roumain;;116;;
Rendez-vous le 9 juillet;2007;Documentaire;Coulisses, Coupe du Monde (général), Coupe du Monde 2006, Sélections nationales, Équipe de France;France;Claude Makélélé, Franck Ribéry, Lilian Thuram, Patrick Vieira, Thierry Henry, Willy Sagnol, Zinédine Zidane;07/01/2007;Canal+;Français;;91;;Le documentaire est scindé en deux fichiers dans la collection
Romário - 1000 Vezes;2007;Documentaire, Rétrospective;Buts, Carrière, Club, Portrait, Records;Brésil, Vasco da Gama;Romário;;;Portugais;;0;;Année 2007 retenue en cohérence avec le 1000e but de Romário.
Téléfoot - 15 avril;2007;Magazine TV;Magazine football;;;15/04/2007;TF1;Français;VHS;0;Téléfoot;Source VHS
Téléfoot - 13 mai;2007;Magazine TV;Magazine football;;;13/05/2007;TF1;Français;;0;Téléfoot;
Campionato io ti amo - Saison 2006-2007;2007;Rétrospective;Histoire du football italien, Serie A;;;;Rai Sport;Italien;DVD;0;Campionato Io ti amo;
Futsal Bercy 2007 - Partie 1 - PSG vs Équipe de France de Futsal;2007;Documentaire;Équipe de France;France, Paris Saint-Germain;;;;;;0;;
Futsal Bercy 2007 - Partie 2 - Club Des Internationaux Français Vs France 98;2007;Documentaire;Coupe du Monde (général), Coupe du monde 1998, Sélections nationales, Équipe de France;France;;;;;;0;;
Futsal Bercy 2007 - Partie 3 - PSG vs France 98;2007;Documentaire;Coupe du Monde (général), Coupe du monde 1998, Sélections nationales, Équipe de France;France, Paris Saint-Germain;;;;;;0;;
Liverpool FC - The Official History;2007;Film officiel;Club, Histoire du football;Liverpool;;;;Anglais;;0;;Édition 2007 révisée et mise à jour jusqu’à l’été 2007
Alessandro Del Piero - 250 buts avec la Juventus;2008;Compilation, Rétrospective;Buts, Carrière, Club, Portrait, Records;Juventus;Alessandro Del Piero;;;;;0;;Le titre du fichier renvoie à une compilation des 250 buts de Del Piero avec la Juventus
Les Spécialistes - France-Brésil 1998 analysé dix ans après;2008;Analyse, Magazine TV;10e anniversaire, Analyse, Coupe du monde 1998, Finale, Équipe de France;Brésil, France;Aimé Jacquet, Bixente Lizarazu, Christophe Dugarry, Didier Deschamps, Lionel Rosso, Marcel Desailly, Zinedine Zidane;12/07/2008;Canal+;Français;AVI;0;Les Spécialistes;Émission spéciale du dixième anniversaire 
Jour de Foot - 1er mars 2008;2008;Archive TV, Magazine TV;Ligue 1, Magazine football;;;01/03/2008;Canal+;Français;MP4;0;Jour de Foot;
Jour de Foot - 22 mars;2008;Magazine TV;Ligue 1, Magazine football;;;22/03/2008;Canal+;Français;;0;Jour de Foot;
Euro 2008 - Review - 16 juin 2008;2008;Compilation, Rétrospective, Spécial compétition;Euro (général), Euro 2008, Sélections nationales;;;16/06/2008;;Français;DVD;0;Euro 2008 Review;Compilation personnelle. Le dossier source mentionne un ensemble de 4 DVD
Campionato io ti amo - Saison 2007-2008;2008;Rétrospective;Histoire du football italien, Serie A;;;;Rai Sport;Italien;DVD;0;Campionato Io ti amo;
Téléfoot - Spécial Euro 2008 - DVD 1;2008;Archive TV, Magazine TV, Spécial compétition;Euro (général), Euro 2008, Magazine football, Sélections nationales;;;;TF1;Français;DVD, MKV;0;Téléfoot;Spécial Euro 2008 - DVD 1 sur 2.
Téléfoot - Spécial Euro 2008 - DVD 2;2008;Archive TV, Magazine TV, Spécial compétition;Euro (général), Euro 2008, Magazine football, Sélections nationales;;;;TF1;Français;DVD, MKV;0;Téléfoot;Spécial Euro 2008 - DVD 2 sur 2.
Téléfoot - 3 mai;2009;Magazine TV;Magazine football;;;03/05/2009;TF1;Français;;0;Téléfoot;Fichier incomplet
Tribune de Furiani - une catastrophe annoncée;2009;Documentaire, Enquête;Club, Drames du football;Olympique de Marseille, SC Bastia;;06/05/2009;W9;Français;;0;Enquêtes criminelles;Durée laissée vide : le programme TV de 2009 associait ce sujet à une seconde enquête et la durée du seul segment Furiani n’est pas établie.
Ronaldinho - Le seul et l'unique - Épisode 1 - C'était écrit;2009,457859;Série documentaire;Carrière, Club, Portrait;Brésil, Grêmio;Ronaldinho;16/04/2026;Netflix;Français, Portugais;1080p, MKV, WEB;29,82273524;Ronaldinho : Le seul et l'unique;
Transversales - RONALDINHO No Limit;2009,641923;Documentaire;Portrait;;Ronaldinho;09/10/2019;RMC Sport;Français;;30,06136762;Transversales;
L'enfer de la sélection;2010;Documentaire;Sélectionneurs, Équipe de France;France;Aimé Jacquet, Gérard Houllier, Henri Michel, Jacques Santini, Just Fontaine, Michel Hidalgo, Michel Platini, Roger Lemerre;;Canal+;Français;;45;;
Téléfoot - Coupe du Monde 2010 - Partie 4;2010;Magazine TV, Spécial compétition;Coupe du Monde (général), Coupe du Monde 2010, Magazine football, Sélections nationales, Équipe de France;France;Franck Ribéry, Nicolas Anelka, Patrice Evra, Raymond Domenech, Thierry Henry;;TF1;Français;MKV;0;Téléfoot;Partie 4 sur 4 d'un ensemble Téléfoot consacré au Mondial 2010.
Téléfoot - Coupe du Monde 2010 - Partie 3;2010;Magazine TV, Spécial compétition;Coupe du Monde (général), Coupe du Monde 2010, Magazine football, Sélections nationales, Équipe de France;France;Franck Ribéry, Nicolas Anelka, Patrice Evra, Raymond Domenech, Thierry Henry;;TF1;Français;MKV;0;Téléfoot;Partie 3 sur 4 d'un ensemble Téléfoot consacré au Mondial 2010.
Téléfoot - Coupe du Monde 2010 - Partie 2;2010;Magazine TV, Spécial compétition;Coupe du Monde (général), Coupe du Monde 2010, Magazine football, Sélections nationales, Équipe de France;France;Franck Ribéry, Nicolas Anelka, Patrice Evra, Raymond Domenech, Thierry Henry;;TF1;Français;MKV;0;Téléfoot;Partie 2 sur 4 d'un ensemble Téléfoot consacré au Mondial 2010.
Téléfoot - Coupe du Monde 2010 - Partie 1;2010;Magazine TV, Spécial compétition;Coupe du Monde (général), Coupe du Monde 2010, Magazine football, Sélections nationales, Équipe de France;France;Franck Ribéry, Nicolas Anelka, Patrice Evra, Raymond Domenech, Thierry Henry;;TF1;Français;MKV;0;Téléfoot;Partie 1 sur 4 d'un ensemble Téléfoot consacré au Mondial 2010.
The Two Escobars;2010;Documentaire;Crime et société, Football colombien, Histoire du football, Sélections nationales;Colombie;Andrés Escobar, Pablo Escobar;22/06/2010;ESPN;Anglais, Espagnol;;104;30 for 30;Doublon/variante présent dans le fichier source
PSG - 40 ans de fièvre;2010;Documentaire;Club, Histoire du football;Paris Saint-Germain;;09/05/2010;Canal+;Français;;90;;
La plus belle des finales;2010;Compilation, Documentaire, Rétrospective, Émission spéciale;Coupe du Monde (général), Finales, Histoire du football;;;16/05/2010;Canal+;Français;;114;;Multiplex reconstituant les 18 finales de Coupe du monde disputées de 1930 à 2006. Montage/multiplex des finales de Coupe du monde de 1930 à 2006 avec les commentateurs et consultants de Canal+.
Canal Football Club - Après France-Mexique;2010;Magazine TV;Coupe du Monde (général), Coupe du Monde 2010, Magazine football, Sélections nationales;France, Mexique;;17/06/2010;Canal+;Français;;0;Canal Football Club;
La Parenthèse universelle;2010;Documentaire;Coupe du Monde (général), Coupe du Monde 2010, Culture football, Supporters;;;18/07/2010;Canal+;Français;;70;;
Téléfoot - 12 septembre;2010;Magazine TV;Magazine football;;;12/09/2010;TF1;Français;;0;Téléfoot;
CM 2010 Tous les buts;2010;Compilation;Buts, Coupe du Monde (général), Coupe du Monde 2010, Sélections nationales;;;;;;;0;;
OM 2009 2010 OM - Rennes Au coeur du sacre;2010;Documentaire;Club, Coulisses;Olympique de Marseille;;;;;;0;;
C'est l'histoire d'un but;2011;Documentaire;Buts, Club, Histoire du football, Ligue des champions (général), Olympique de Marseille;AC Milan, Olympique de Marseille;Basile Boli, Bernard Tapie, Didier Deschamps, Jean-Pierre Papin;02/09/2011;France 3;Français;;52;;
Sandrine et Gaëtane - un été magique;2011;Documentaire, Reportage;Football féminin, Portrait, Sélections nationales, Équipe de France;France, France féminine;Gaëtane Thiney, Sandrine Soubeyrand;;;Français;;0;;Année et contexte déduits du titre et des deux internationales françaises
Secrets de buteurs;2011;Documentaire;Buts, Ligue 1, Portrait;;Bernard Lacombe, Jean-Pierre Papin, Karim Benzema, Mamadou Niang, Pedro Pauleta, Sonny Anderson;;;Français;;52;;
100ème CANAL FOOTBALL CLUB;2011;Magazine TV;Magazine football;;;27/02/2011;Canal+;Français;;0;Canal Football Club;
Jour de Foot - 21 septembre;2011;Magazine TV;Ligue 1, Magazine football;;;21/09/2011;Canal+;Français;;0;Jour de Foot;
En bleu comme eux;2011;Documentaire;Football féminin, Société, Sélections nationales, Équipe de France;France;;22/10/2011;Direct 8;Français;;52;;
Au sein des Bleues;2011;Documentaire court;Football féminin, Équipe de France;France;;;Eurosport;Français;;26;;Identification probable du documentaire de 26 min diffusé pendant la Coupe du monde féminine 2011
Il était une fois le Classico Avril;2011;Documentaire;Football;;;;;;;0;;
PSG saison 2010-2011 - Un rêve plus grand;2011;Documentaire;Club;Paris Saint-Germain;;;;;;0;;
Les scandales du sport - L'affaire OM-VA : la chute de Bernard Tapie;2012;Documentaire, Série documentaire;Affaires et scandales, Club, Corruption, Histoire du football;Olympique de Marseille, Valenciennes;Bernard Tapie, Jacques Glassmann;;Toute l'Histoire;Français;;52;Les scandales du sport;
Looking for Barcelone;2012;Documentaire;Club, Culture football, Liga, Rivalités;Espanyol, FC Barcelona;Éric Cantona;;Canal+;Français;;52;Looking for;
Looking for Buenos Aires;2012;Documentaire;Club, Culture football, Football argentin, Rivalités;Boca Juniors, River Plate;Éric Cantona;;Canal+;Français;;53;Looking for;
Looking For Istanbul;2012;Documentaire;Club, Culture football, Football turc, Rivalités;Fenerbahçe, Galatasaray;Éric Cantona;;Canal+;Français;;53;Looking for;
Looking for Milan;2012;Documentaire;Club, Culture football, Rivalités, Serie A;AC Milan, Inter Milan;Éric Cantona;;Canal+;Français;;52;Looking for;
Lionel Messi - 91 buts en 2012;2012;Documentaire, Rétrospective;Buts, Club, Portrait, Records;Argentine, FC Barcelona;Lionel Messi;;beIN Sports;Français;MKV, MPG;0;;Trois fichiers repérés dans le nouvel inventaire, dont une copie. Une seule entrée Notion est conservée pour éviter le doublon.
Les Bleues dans les cieux;2012;Documentaire, Reportage;Club, Football féminin, Jeux olympiques, Équipe de France féminine;France, France féminine;Bruno Bini;25/07/2012;Direct 8;Français;;0;;
La véritable histoire des Bleus - 1958-2012;2012;Documentaire;Histoire du football, Sélections nationales, Équipe de France;France;Michel Platini, Raymond Domenech, Zinédine Zidane;;France 3;Français;TVRip;0;;
Philosophie - Foot;2012;Analyse, Magazine TV;Football, Philosophie, Société;;Ollivier Pourriol, Raphaël Enthoven;22/01/2012;Arte;Français;;26;Philosophie;consacré au football et à la morale., Épisode « Éloge du mauvais geste »
Intérieur Sport - Montpellier : lendemains de fête;2012;Documentaire, Magazine TV;Club, Coulisses, Ligue 1, Rétrospective de saison;Montpellier HSC;Mapou Yanga-Mbiwa, Olivier Giroud, René Girard, Younès Belhanda;09/11/2012;Canal+;Français;;0;Intérieur Sport;
Intérieur Sport - Yoann Gourcuff - L'âme de fond;2012;Documentaire;Carrière, Club, Ligue 1, Portrait;France, Olympique Lyonnais;Yoann Gourcuff;;Canal+;Français;;32;Intérieur Sport;
Canal Football Club - 22 janvier 2012 - Partie 1;2012;Magazine TV;Magazine football;;;22/01/2012;Canal+;Français;;0;Canal Football Club;
Canal Football Club - 22 janvier 2012 - Partie 2;2012;Magazine TV;Magazine football;;;22/01/2012;Canal+;Français;;0;Canal Football Club;
Canal Football Club - 22 janvier 2012 - Partie 3;2012;Magazine TV;Magazine football;;;22/01/2012;Canal+;Français;;0;Canal Football Club;
En route pour la L1 - 2011-2012;2012;Documentaire;Ligue 1;;;07/04/2012;;;;0;;
Téléfoot - 17 juin;2012;Magazine TV;Magazine football;;;17/06/2012;TF1;Français;;0;Téléfoot;
La véritable histoire des Bleus - 1958-2012;2012;Documentaire;Histoire du football, Sélections nationales, Équipe de France;France;;;France 3;Français;TVRip;0;;
La véritable histoire des Bleus - 1958-2012;2012;Documentaire;Histoire du football, Sélections nationales, Équipe de France;France;;;France 3;Français;DVD;0;;
Débrief France - Ukraine - 19 novembre 2013;2013;Archive TV, Émission spéciale;Barrages, Coupe du Monde (général), Coupe du Monde 2014, Sélections nationales;France, Ukraine;Didier Deschamps, Karim Benzema, Mamadou Sakho;19/11/2013;Canal+;Français;DVD;0;ECM 2014;Débrief du barrage retour qualificatif pour la Coupe du Monde 2014. Source stockée en structure VIDEO_TS.
Téléfoot - 8 décembre;2013;Magazine TV;Magazine football;;;08/12/2013;TF1;Français;;0;Téléfoot;
Téléfoot - 15 décembre;2013;Magazine TV;Magazine football;;;15/12/2013;TF1;Français;;0;Téléfoot;
Benzema par Karim;2014;Documentaire;Portrait;;Karim Benzema;;L'Équipe;Français;;0;;
Téléfoot - 6 avril;2014;Magazine TV;Magazine football;;;06/04/2014;TF1;Français;;0;Téléfoot;
Téléfoot - 13 avril;2014;Magazine TV;Magazine football;;;13/04/2014;TF1;Français;;0;Téléfoot;
Téléfoot - 20 avril;2014;Magazine TV;Magazine football;;;20/04/2014;TF1;Français;;0;Téléfoot;
Téléfoot - 27 avril;2014;Magazine TV;Magazine football;;;27/04/2014;TF1;Français;;0;Téléfoot;
Téléfoot - 4 mai;2014;Magazine TV;Magazine football;;;04/05/2014;TF1;Français;;0;Téléfoot;
Téléfoot - 11 mai;2014;Magazine TV;Magazine football;;;11/05/2014;TF1;Français;;0;Téléfoot;
Téléfoot - 18 mai;2014;Magazine TV;Magazine football;;;18/05/2014;TF1;Français;;0;Téléfoot;
Téléfoot - 1 juin;2014;Magazine TV;Magazine football;;;01/06/2014;TF1;Français;;0;Téléfoot;
Téléfoot - 8 juin;2014;Magazine TV;Magazine football;;;08/06/2014;TF1;Français;;0;Téléfoot;
La véritable histoire des Coupes du monde;2014;Documentaire;Coupe du Monde (général), Histoire du football;;;09/06/2014;France 3;Français;;114;;
40 jours dans le secret des bleus;2014;Documentaire;Coulisses, Équipe de France;France;;10/06/2014;TMC;Français;;0;;
LGDLPCR - 15 septembre 2014;2014;Documentaire;Football;;;15/09/2014;;;;0;;Acronyme source conservé faute d'identification fiable sur Internet.
The 90s - La Coupe du Monde 1998;2014;Série documentaire;Années 1990, Coupe du monde 1998, Médias, Société;;;;National Geographic;Français;MP4;0;The 90s: The Decade That Connected Us;Segment consacré au Mondial 1998 dans la série documentaire de National Geographic.
2014 FIFA World Cup The Official Film;2014;Film officiel;Coupe du Monde (général), Coupe du Monde 2014, Sélections nationales;;;;;;;0;;
Conversation secrète avec Didier Deschamps;2015;Documentaire, Interview, Émission spéciale;Entraîneur, Portrait, Sélections nationales, Équipe de France;France;Didier Deschamps, Michel Denisot;17/02/2015;Canal+;Français;;55;Conversation secrète;
Été 1992;2015;Film;Club, Danemark, Euro (général);Danemark;;;;;;0;;
Au cœur des Bleus;2016;Documentaire;Coulisses, Euro (général), Euro 2016, Sélections nationales, Équipe de France;France;Antoine Griezmann, Didier Deschamps, Hugo Lloris, Paul Pogba;28/12/2016;TMC;Français;720p;0;;
Les Bleus - une autre histoire de France - 1996-2016;2016;Documentaire;Histoire du football, Société, Sélections nationales, Équipe de France;France;;;France Télévisions;Français;;0;;
Paris est magique (RMC);2016;Documentaire;Football;;;;RMC Sport;Français;;0;;
L'Express'Euro - Euro 2016 - DVD 1;2016;Magazine TV, Spécial compétition;Euro (général), Euro 2016, Magazine football, Sélections nationales;;;;beIN Sports;Français;DVD;0;L'Express'Euro;Compilation de la matinale de beIN Sports pendant l'Euro 2016 - DVD 1 sur 5.
L'Express'Euro - Euro 2016 - DVD 2;2016;Magazine TV, Spécial compétition;Euro (général), Euro 2016, Magazine football, Sélections nationales;;;;beIN Sports;Français;DVD;0;L'Express'Euro;Compilation de la matinale de beIN Sports pendant l'Euro 2016 - DVD 2 sur 5.
L'Express'Euro - Euro 2016 - DVD 3;2016;Magazine TV, Spécial compétition;Euro (général), Euro 2016, Magazine football, Sélections nationales;;;;beIN Sports;Français;DVD;0;L'Express'Euro;Compilation de la matinale de beIN Sports pendant l'Euro 2016 - DVD 3 sur 5.
L'Express'Euro - Euro 2016 - DVD 4;2016;Magazine TV, Spécial compétition;Euro (général), Euro 2016, Magazine football, Sélections nationales;;;;beIN Sports;Français;DVD;0;L'Express'Euro;Compilation de la matinale de beIN Sports pendant l'Euro 2016 - DVD 4 sur 5.
L'Express'Euro - Euro 2016 - DVD 5;2016;Magazine TV, Spécial compétition;Euro (général), Euro 2016, Magazine football, Sélections nationales;;;;beIN Sports;Français;DVD;0;L'Express'Euro;Compilation de la matinale de beIN Sports pendant l'Euro 2016 - DVD 5 sur 5.
Jean-Michel Aulas - 30 ans d'histoire(s);2017;Documentaire, Reportage;Club, Dirigeants, Histoire du football, Ligue 1, Portrait;Olympique Lyonnais;Jean-Michel Aulas;;Canal+;Français;;30;Sport Reporter;
Invisible - Le coup franc dans le football;2017;Documentaire, Magazine TV;Coup franc, Technique;;Juninho, Roberto Carlos;17/03/2017;Canal+;Français;;27;Invisible;
Mystères d'archives - 1998 : la victoire des Bleus;2017;Archive TV, Série documentaire;Archives, Coupe du monde 1998, Finale, Médias, Équipe de France;Brésil, France;Aimé Jacquet, Jacques Chirac, Zinedine Zidane;14/10/2017;Arte;Français;MP4;26;Mystères d'archives;Le nom de fichier indiquait 2021 
L'OM - Champion d'Europe pour l'éternité;2018;Documentaire, Rétrospective;Club, Histoire du football, Ligue des champions (général), Ligue des champions 1992-1993;AC Milan, Olympique de Marseille;Basile Boli, Bernard Tapie, Didier Deschamps, Rudi Völler;25/05/2018;C8;Français;TVRip;90;;
Téléfoot - Coupe du Monde 2018 - 17 juin 2018;2018;Magazine TV, Spécial compétition;Coupe du Monde 2018, Magazine football, Équipe de France;France;Antoine Griezmann, Didier Deschamps, Hugo Lloris, Kylian Mbappé, Paul Pogba;17/06/2018;TF1;Français;MKV;0;Téléfoot;au début du Mondial 2018., Émission Téléfoot du 17 juin
Téléfoot - Coupe du Monde 2018 - 15 juillet 2018;2018;Magazine TV, Spécial compétition;Coupe du Monde 2018, Finale, Magazine football, Équipe de France;Croatie, France;Antoine Griezmann, Didier Deschamps, Hugo Lloris, Kylian Mbappé, Paul Pogba;15/07/2018;TF1;Français;MKV;0;Téléfoot;Émission Téléfoot diffusée le jour de la finale France-Croatie.
Le 20 Heures - 16 juillet 2018 - Retour des Bleus;2018;Journal télévisé, Émission spéciale;Actualité, Coupe du Monde 2018, Célébrations, Équipe de France;France;Antoine Griezmann, Didier Deschamps, Hugo Lloris, Kylian Mbappé, Paul Pogba;16/07/2018;TF1;Français;TS;0;Le 20 Heures;Journal du 16 juillet largement consacré au retour des champions du monde.
Le 20 Heures - 16 juillet 2018 - Retour des Bleus;2018;Journal télévisé, Émission spéciale;Actualité, Coupe du Monde 2018, Célébrations, Équipe de France;France;Antoine Griezmann, Didier Deschamps, Hugo Lloris, Kylian Mbappé, Paul Pogba;16/07/2018;France 2;Français;TS;0;Le 20 Heures;Journal du 16 juillet largement consacré au retour des champions du monde.
Retour des Bleus - Descente des Champs-Élysées;2018;Direct, Émission spéciale;Coupe du Monde 2018, Célébrations, Ferveur populaire, Supporters, Équipe de France;France;Antoine Griezmann, Didier Deschamps, Hugo Lloris, Kylian Mbappé, Paul Pogba;16/07/2018;TF1;Français;MKV;0;;Couverture du retour des champions du monde et de leur descente des Champs-Élysées.
Le Paris des Bleus;2018;Documentaire, Reportage;Coupe du Monde 2018, Ferveur populaire, Finale, Paris, Supporters, Équipe de France;Croatie, France;Antoine Griezmann, Didier Deschamps, Kylian Mbappé, Édouard Philippe;16/07/2018;Paris Première;Français;MKV;90;;Correction du titre : le fichier indiquait « Le pari des bleus ». Documentaire-road movie dans Paris le jour du sacre.
Les Bleus 2018 : Au cœur de l'épopée russe;2018;Documentaire, Reportage coulisses;Coulisses, Coupe du Monde 2018, Parcours, Vie de groupe, Équipe de France;France;Antoine Griezmann, Didier Deschamps, Hugo Lloris, Kylian Mbappé, Paul Pogba;17/07/2018;TF1;Français;MKV;126;;Documentaire d'Emmanuel Le Ber et Théo Schuster, tourné au plus près des Bleus pendant la compétition.
Champions du monde ! La France en fête;2018;Documentaire, Reportage;Coupe du Monde 2018, Ferveur populaire, Finale, Supporters, Équipe de France;Croatie, France;Antoine Griezmann, Didier Deschamps, Hugo Lloris, Kylian Mbappé, Paul Pogba;17/07/2018;M6;Français;MKV;80;;Documentaire composé notamment d'images tournées par les supporters pendant la journée de la finale.
La France en Bleus;2018;Documentaire, Reportage;Coupe du Monde 2018, Ferveur populaire, Supporters, Équipe de France;France;Antoine Griezmann, Didier Deschamps, Hugo Lloris, Kylian Mbappé, Paul Pogba;22/07/2018;France 2;Français;MKV;90;;Documentaire de Elsa Margout et Clément Le Goff sur la ferveur nationale après le sacre.
Champions du Monde 2018 - Partie 2;2018;Archive TV, Rétrospective;Coupe du Monde 2018, Finale, Parcours, Équipe de France;France;Antoine Griezmann, Didier Deschamps, Hugo Lloris, Kylian Mbappé, Paul Pogba;;TF1;Français;TS;0;Champions du Monde 2018;Deuxième partie d'une rétrospective TF1 
Champions du Monde 2018 - Partie 1;2018;Archive TV, Rétrospective;Coupe du Monde 2018, Parcours, Équipe de France;France;Antoine Griezmann, Didier Deschamps, Hugo Lloris, Kylian Mbappé, Paul Pogba;;TF1;Français;TS;0;Champions du Monde 2018;Première partie d'une rétrospective TF1 
Minute par minute - France 98 : le sacre d'une nation;2018;Rétrospective, Série documentaire;Coupe du monde 1998, Ferveur populaire, Médias, Société, Supporters, Équipe de France;Brésil, France;Aimé Jacquet, Didier Deschamps, Jacques Chirac, Thierry Henry, Zinedine Zidane;11/06/2018;W9;Français;TS;0;Minute par minute;Deuxième numéro de la collection « Minute par minute », présenté par Stéphanie Renouvin.
Minute par minute - France 98 : le sacre d'une nation;2018;Archive TV, Documentaire;Coupe du Monde (général), Coupe du monde 1998, Histoire du football, Sélections nationales, Équipe de France;France;Aimé Jacquet, Didier Deschamps, Zinédine Zidane;11/06/2018;W9;Français;TVRip;90;Minute par minute;
Génération 98 - Épisode 02 - La sélection des joueurs;2018;Archive TV, Série documentaire;20e anniversaire, Archives, Coulisses, Coupe du monde 1998, Équipe de France;France;Aimé Jacquet;13/06/2018;franceinfo;Français;MP4;0;Génération 98;Série anniversaire de franceinfo autour de France 98.
Génération 98 - Épisode 12 - La finale;2018;Archive TV, Série documentaire;20e anniversaire, Archives, Coulisses, Coupe du monde 1998, Équipe de France;France;Aimé Jacquet, Didier Deschamps, Emmanuel Petit, Fabien Barthez, Ronaldo Nazário, Zinedine Zidane;;franceinfo;Français;MP4;0;Génération 98;Série anniversaire de franceinfo autour de France 98.
Génération 98 - Épisode 11 - Le jour le plus long;2018;Archive TV, Série documentaire;20e anniversaire, Archives, Coulisses, Coupe du monde 1998, Équipe de France;France;Aimé Jacquet, Didier Deschamps, Zinedine Zidane;;franceinfo;Français;MP4;0;Génération 98;Série anniversaire de franceinfo autour de France 98.
Génération 98 - Épisode 10 - Une belle entente;2018;Archive TV, Série documentaire;20e anniversaire, Archives, Coulisses, Coupe du monde 1998, Équipe de France;France;Aimé Jacquet, Didier Deschamps, Zinedine Zidane;;franceinfo;Français;MP4;0;Génération 98;Série anniversaire de franceinfo autour de France 98.
Génération 98 - Épisode 07 - Le début de l'engouement;2018;Archive TV, Série documentaire;20e anniversaire, Archives, Coulisses, Coupe du monde 1998, Équipe de France;France;Aimé Jacquet, Didier Deschamps;;franceinfo;Français;MP4;0;Génération 98;Série anniversaire de franceinfo autour de France 98.
Génération 98 - Épisode 05 - Les remplaçants;2018;Archive TV, Série documentaire;20e anniversaire, Archives, Coulisses, Coupe du monde 1998, Équipe de France;France;Aimé Jacquet, David Trezeguet, Robert Pirès;;franceinfo;Français;MP4;0;Génération 98;Série anniversaire de franceinfo autour de France 98.
Génération 98 - Épisode 03 - L'entrée dans la Coupe du monde;2018;Archive TV, Série documentaire;20e anniversaire, Archives, Coulisses, Coupe du monde 1998, Équipe de France;France;Aimé Jacquet, Christophe Dugarry, Didier Deschamps;;franceinfo;Français;MP4;0;Génération 98;Série anniversaire de franceinfo autour de France 98.
France 98 - 20 ans déjà;2018;Documentaire, Rétrospective;20e anniversaire, Coupe du monde 1998, Mémoire, Équipe de France;France;Aimé Jacquet, Didier Deschamps, Lilian Thuram, Zinedine Zidane;;France Télévisions;Français;MP4;0;;Titre et année déduits du nom de fichier 
Coupe du Monde 2018 - Tous les buts de l'équipe de France;2018;Compilation, Rétrospective;Buts, Coupe du Monde 2018, Équipe de France;France;Antoine Griezmann, Benjamin Pavard, Kylian Mbappé, Paul Pogba, Samuel Umtiti;;beIN Sports;Français;MP4;0;;Compilation des buts des Bleus pendant le tournoi.
The Official Film of 2018 FIFA World Cup Russia;2018;Documentaire, Film officiel;Coupe du Monde (général), Coupe du Monde 2018, Histoire du football, Sélections nationales;;Cristiano Ronaldo, Kylian Mbappé, Lionel Messi, Luka Modrić, Paul Pogba;;FIFA;Anglais;MKV;79;FIFA World Cup Official Film;Film officiel FIFA de la Coupe du monde 2018.
Génération 98 - Épisode 01 - Les prémices d'un rêve en bleu;2018;Archive TV, Série documentaire;20e anniversaire, Archives, Coulisses, Coupe du monde 1998, Équipe de France;France;Aimé Jacquet, Fernand Sastre, Michel Platini;13/06/2018;franceinfo;Français;MP4;0;Génération 98;Série anniversaire de franceinfo autour de France 98.
Transversales - Champions pour l'Histoire;2018;Documentaire;Histoire du football, Ligue des champions (général), Portrait;;Michel Platini;12/09/2018;RMC Sport;Français;;64;Transversales;
Génération 98 - Épisode 06 - Le but en or de Laurent Blanc;2018;Archive TV, Série documentaire;20e anniversaire, Archives, Coulisses, Coupe du monde 1998, Équipe de France;France;Laurent Blanc;;franceinfo;Français;MP4;0;Génération 98;Série anniversaire de franceinfo autour de France 98.
Génération 98 #6 le but en or de Laurent Blanc;2018;Documentaire, Rétrospective, Série web;Buts, Coupe du Monde (général), Coupe du monde 1998, Rétrospective, Sélections nationales, Équipe de France;France;Laurent Blanc;;franceinfo;Français;;3;Génération 98;Série web franceinfo publiée à l'occasion des 20 ans du titre mondial de 1998.
Génération 98 - Épisode 09 - Le doublé de Thuram;2018;Archive TV, Série documentaire;20e anniversaire, Archives, Coulisses, Coupe du monde 1998, Équipe de France;France;Lilian Thuram;;franceinfo;Français;MP4;0;Génération 98;Série anniversaire de franceinfo autour de France 98.
Génération 98 #9 le doublé de Thuram;2018;Documentaire, Rétrospective, Série web;Coupe du Monde (général), Coupe du monde 1998, Rétrospective, Sélections nationales, Équipe de France;France;Lilian Thuram;;franceinfo;Français;;3;Génération 98;Série web franceinfo publiée à l'occasion des 20 ans du titre mondial de 1998.
France 98 : nous nous sommes tant aimés;2018;Documentaire;Coupe du monde 1998, Mémoire, Politique, Société, Équipe de France;France;Bernard Lama, Emmanuel Petit, Frank Leboeuf, Kylian Mbappé, Lilian Thuram, Lionel Charbonnier, Michel Platini, Stéphane Guivarc'h;05/06/2018;France 2;Français;MKV;75;Infrarouge;Documentaire de Mustapha Kessous, avec images inédites filmées par Bernard Lama.
Infrarouge - Infrarouge - France 98 nous nous sommes tant aimés France 2 2021 05 18 23 01;2018;Documentaire;Coupe du Monde (général), Coupe du monde 1998, Racisme et société, Société, Supporters, Sélections nationales, Équipe de France;France;Aimé Jacquet, Bernard Lama, Emmanuel Petit, Frank Leboeuf, Kylian Mbappé, Lilian Thuram, Lionel Charbonnier, Michel Platini, Stéphane Guivarc'h;05/06/2018;France 2;Français;;75;Infrarouge;
France 98 - nous nous sommes tant aimés;2018;Documentaire;Coupe du Monde (général), Coupe du monde 1998, Racisme et société, Société, Supporters, Sélections nationales, Équipe de France;France;Aimé Jacquet, Bernard Lama, Emmanuel Petit, Frank Leboeuf, Kylian Mbappé, Lilian Thuram, Lionel Charbonnier, Michel Platini, Stéphane Guivarc'h;05/06/2018;France 2;Français;;75;Infrarouge;Doublon/variante présent dans le fichier source
Génération 98 - Épisode 08 - L'épreuve des tirs au but;2018;Archive TV, Série documentaire;20e anniversaire, Archives, Coulisses, Coupe du monde 1998, Équipe de France;France;Didier Deschamps, Fabien Barthez;;franceinfo;Français;MP4;0;Génération 98;Série anniversaire de franceinfo autour de France 98.
Le Vestiaire - 20 ans de France 98;2018;Magazine TV, Émission spéciale;20e anniversaire, Coupe du monde 1998, Témoignages, Équipe de France;France;Christophe Dugarry, Emmanuel Petit, Fabien Barthez, Frank Leboeuf;;RMC Sport;Français;MP4;0;Le Vestiaire;Émission spéciale réunissant plusieurs champions du monde 1998.
France 98 - Les souvenirs du chauffeur et de l'intendant des Bleus;2018;Reportage, Témoignage;20e anniversaire, Coulisses, Coupe du monde 1998, Équipe de France;France;Henri Émile;;France Télévisions;Français;MP4;0;;Reportage anniversaire centré sur les personnels ayant accompagné les Bleus.
beIN Bleus - Coupe du Monde 2018;2018;Magazine TV, Spécial compétition;Coupe du Monde 2018, Magazine football, Équipe de France;France;Florian Genton, Luis Fernandez;;beIN Sports;Français;MP4;60;beIN Bleus;Magazine quotidien diffusé pendant le Mondial 2018 
Le Mag de la Coupe du Monde - Après la finale France-Croatie;2018;Après-match, Magazine TV;Analyse, Coupe du Monde 2018, Finale, Magazine football, Équipe de France;Croatie, France;Denis Brogniart, Ludovic Giuly, Nathalie Iannetta, Pascal Dupraz, Youri Djorkaeff;15/07/2018;TF1;Français;MP4;0;Le Mag de la Coupe du Monde;Émission de la journée de finale 
L'Équipe du Soir - Finale France-Croatie - Partie 2;2018;Après-match, Magazine TV;Analyse, Coupe du Monde 2018, Finale, Magazine football, Équipe de France;Croatie, France;Olivier Ménard;15/07/2018;L'Équipe;Français;MP4;0;L'Équipe du Soir;Enregistrement en 2e partie de l'émission du soir de la finale.
L'Équipe du Soir - Finale France-Croatie - Partie 1;2018;Après-match, Magazine TV;Analyse, Coupe du Monde 2018, Finale, Magazine football, Équipe de France;Croatie, France;Olivier Ménard;15/07/2018;L'Équipe;Français;MP4;0;L'Équipe du Soir;Enregistrement en 1e partie de l'émission du soir de la finale.
Génération 98 #1 les prémices d'un rêve en bleu;2018;Documentaire, Rétrospective, Série web;Coupe du Monde (général), Coupe du monde 1998, Rétrospective, Sélections nationales, Équipe de France;France;;13/06/2018;franceinfo;Français;;3;Génération 98;Série web franceinfo publiée à l'occasion des 20 ans du titre mondial de 1998.
Pieces a conviction Olympique de Marseille Quand le milieu faisai la loi (France3);2018;Documentaire;Affaires et scandales, Club;Olympique de Marseille;;13/06/2018;France 3;Français;;0;;
Édition spéciale - Champions du monde - descente des Champs-Élysées;2018;Documentaire;Coupe du Monde (général), Sélections nationales, Équipe de France;France;;16/07/2018;TF1;Français;;0;;
Coupe du Monde 2018 - Tous les buts;2018;Compilation, Rétrospective;Buts, Coupe du Monde 2018;;;;beIN Sports;Français;MP4;0;;Compilation des buts du tournoi.
1998 - 2018 les deux traversées des Champs-Elysée comparées;2018;Documentaire;Coupe du Monde (général), Coupe du monde 1998, Supporters, Sélections nationales, Équipe de France;France;;;;;;2;;
C'était il y a 20 ans... la Champagne-Ardenne vibrait pour les Bleus;2018;Documentaire;Coupe du Monde (général), Coupe du monde 1998, Histoire du football, Sélections nationales, Équipe de France;France;;;;Français;;3;;
FRANCE 98 - 20 ANS DEJA (Images inédites);2018;Documentaire;Coupe du Monde (général), Coupe du monde 1998, Histoire du football, Sélections nationales, Équipe de France;France;;;;;;11;;
On a comparé le temps passé des Bleus sur les Champs en 2018 et 1998 et ça n’a rien à voir;2018;Documentaire;Coupe du Monde (général), Coupe du monde 1998, Sélections nationales, Équipe de France;France;;;;Français;;2;;
Génération 98 #2 la sélection des joueurs;2018;Documentaire, Rétrospective, Série web;Coupe du Monde (général), Coupe du monde 1998, Rétrospective, Sélections nationales, Équipe de France;France;;;franceinfo;Français;;3;Génération 98;Série web franceinfo publiée à l'occasion des 20 ans du titre mondial de 1998.
Génération 98 #3 l'entrée dans la Coupe du monde;2018;Documentaire, Rétrospective, Série web;Coupe du Monde (général), Coupe du monde 1998, Rétrospective, Sélections nationales, Équipe de France;France;;;franceinfo;Français;;3;Génération 98;Série web franceinfo publiée à l'occasion des 20 ans du titre mondial de 1998.
Génération 98 #5 les remplaçants;2018;Documentaire, Rétrospective, Série web;Coupe du Monde (général), Coupe du monde 1998, Rétrospective, Sélections nationales, Équipe de France;France;;;franceinfo;Français;;3;Génération 98;Série web franceinfo publiée à l'occasion des 20 ans du titre mondial de 1998.
Génération 98 #8 l'épreuve des tirs au but;2018;Documentaire, Rétrospective, Série web;Buts, Coupe du Monde (général), Coupe du monde 1998, Rétrospective, Sélections nationales, Équipe de France;France;;;franceinfo;Français;;3;Génération 98;Série web franceinfo publiée à l'occasion des 20 ans du titre mondial de 1998.
Génération 98 #7 le début de l'engouement;2018;Documentaire, Rétrospective, Série web;Coupe du Monde (général), Coupe du monde 1998, Rétrospective, Supporters, Sélections nationales, Équipe de France;France;;;franceinfo;Français;;3;Génération 98;Série web franceinfo publiée à l'occasion des 20 ans du titre mondial de 1998.
Génération 98 #10 une belle entente;2018;Documentaire, Rétrospective, Série web;Coupe du Monde (général), Coupe du monde 1998, Rétrospective, Sélections nationales, Équipe de France;France;;;franceinfo;Français;;3;Génération 98;Série web franceinfo publiée à l'occasion des 20 ans du titre mondial de 1998.
Génération 98 #12 la finale;2018;Documentaire, Rétrospective, Série web;Coupe du Monde (général), Coupe du monde 1998, Rétrospective, Sélections nationales, Équipe de France;France;;;franceinfo;Français;;3;Génération 98;Série web franceinfo publiée à l'occasion des 20 ans du titre mondial de 1998.
Génération 98 #11 le jour le plus long;2018;Documentaire, Rétrospective, Série web;Coupe du Monde (général), Coupe du monde 1998, Rétrospective, Sélections nationales, Équipe de France;France;;;franceinfo;Français;;3;Génération 98;Série web franceinfo publiée à l'occasion des 20 ans du titre mondial de 1998.
2018 FIFA World Cup - The Official Film;2018;Film officiel;Coupe du Monde (général), Coupe du Monde 2018, Sélections nationales;;;;;;;0;;
98 - secrets d'une victoire;2018;Documentaire;Coupe du Monde (général), Sélections nationales, Équipe de France;France;;;TF1;Français;;105;;
L'Expresso - Coupe du Monde 2018 - DVD 1 - 1er tour;2018;Magazine TV, Spécial compétition;Coupe du Monde (général), Coupe du Monde 2018, Magazine football, Sélections nationales;;;;beIN Sports;Français;MKV;0;L'Expresso;Compilation consacrée à la phase : 1er tour.
L'Expresso - Coupe du Monde 2018 - DVD 2 - 1er tour;2018;Magazine TV, Spécial compétition;Coupe du Monde (général), Coupe du Monde 2018, Magazine football, Sélections nationales;;;;beIN Sports;Français;MKV;0;L'Expresso;Compilation consacrée à la phase : 1er tour.
L'Expresso - Coupe du Monde 2018 - DVD 3 - 1er tour;2018;Magazine TV, Spécial compétition;Coupe du Monde (général), Coupe du Monde 2018, Magazine football, Sélections nationales;;;;beIN Sports;Français;MKV;0;L'Expresso;Compilation consacrée à la phase : 1er tour.
L'Expresso - Coupe du Monde 2018 - DVD 4 - Huitièmes de finale;2018;Magazine TV, Spécial compétition;Coupe du Monde (général), Coupe du Monde 2018, Magazine football, Sélections nationales;;;;beIN Sports;Français;MKV;0;L'Expresso;Compilation consacrée à la phase : Huitièmes de finale.
L'Expresso - Coupe du Monde 2018 - DVD 5 - Quarts de finale et demi-finales;2018;Magazine TV, Spécial compétition;Coupe du Monde (général), Coupe du Monde 2018, Magazine football, Sélections nationales;;;;beIN Sports;Français;MKV;0;L'Expresso;Compilation consacrée à la phase : Quarts de finale et demi-finales.
L'Expresso - Coupe du Monde 2018 - DVD 6 - Match pour la 3e place et finale;2018;Magazine TV, Spécial compétition;Coupe du Monde (général), Coupe du Monde 2018, Magazine football, Sélections nationales;;;;beIN Sports;Français;MKV;0;L'Expresso;Compilation consacrée à la phase : Match pour la 3e place et finale.
Transversales - RONALDINHO No Limit;2019;Documentaire;Portrait;;Ronaldinho;09/10/2019;RMC Sport;Français;;0;Transversales;
L'Équipe Enquête Bernard Tapie - l'Affranchi I Le I L'Équipe;2019;Documentaire;Affaires et scandales, Club, Portrait;Olympique de Marseille;Bernard Tapie;;L'Équipe;Français;;0;L'Équipe Enquête;
Deuxième étoile;2019;Documentaire;Coulisses, Coupe du Monde 2018, Parcours, Équipe de France;France;Antoine Griezmann, Blaise Matuidi, Didier Deschamps, Kylian Mbappé, Paul Pogba, Raphaël Varane;02/01/2019;TF1;Français;MP4;111;;Documentaire réalisé par Frédéric Calenge sur l'épopée des Bleus en Russie.
C'était écrit - La revanche des Bleus;2019;Documentaire, Rétrospective;Construction d'équipe, Coupe du Monde 2018, Mémoire, Équipe de France;France;Adil Rami, Benjamin Pavard, Didier Deschamps, Florian Thauvin, François Hollande, Olivier Giroud;16/06/2019;France 5;Français;MKV;89;C'était écrit;Retour sur la reconstruction des Bleus entre la finale perdue de l'Euro 2016 et le sacre mondial 2018.
J'ai rencontré un monstre;2019;Documentaire;Portrait, Rivalités;;Cristiano Ronaldo, Lionel Messi;;RMC Sport;Français;;120;;Version intégrale
Deuxième étoile;2019;Documentaire;Coupe du Monde (général), Sélections nationales, Équipe de France;France;;02/01/2019;TF1;Français;;115;;
C'était écrit - La revanche des Bleus;2019;Documentaire;Équipe de France;France;;16/06/2019;Canal+;Français;HDTV;0;;
Benzema - combat 4 étoiles;2020;Documentaire;Portrait;;Karim Benzema;24/04/2020;RMC Story;Français;;0;;
L'émission hommage à Maradona! BeinSports;2020;Archive TV, Émission spéciale;Club, Portrait;Argentine;Diego Maradona;26/11/2020;beIN Sports;Français;;0;;
Maradona par Diego France 2;2020;Documentaire;Club, Portrait;Argentine;Diego Maradona;01/12/2020;France 2;Français;;0;;
C'est pas grave d'aimer le football;2020;Documentaire;Culture football, Médias, Société;;Hervé Mathoux, Laurent Kouchner;19/01/2020;Canal+;Français;720p;90;;
Dribbleurs;2020;Documentaire;Technique et culture football;;;26/03/2020;RMC Sport;Français;;90;Transversales;
Une belle bande d'amateurs;2020;Documentaire;Club, Coupe de France, Rétrospective;Calais RUFC, FC Nantes;;07/05/2020;Eurosport, France 4;Français;;90;;Documentaire FFF diffusé sur Eurosport le 7 mai 2020 puis sur France 4 le 9 mai 2020.
Lens - de sang et d'or - Épisode 1 - Objectif Ligue 1;2020;Série documentaire;Accession, Club, Coulisses, Ligue 2;RC Lens;;27/06/2020;L'Équipe;Français;;40;Lens, de sang et d'or;
Lens - de sang et d'or - Épisode 2 - Lens - un club à part;2020;Série documentaire;Accession, Club, Coulisses, Ligue 2;RC Lens;;27/06/2020;L'Équipe;Français;;40;Lens, de sang et d'or;
Lens - de sang et d'or - Épisode 3 - Rien ne va plus;2020;Série documentaire;Accession, Club, Coulisses, Ligue 2;RC Lens;;28/06/2020;L'Équipe;Français;;40;Lens, de sang et d'or;
Lens - de sang et d'or - Épisode 4 - Huis clos;2020;Série documentaire;Accession, Club, Coulisses, Ligue 2;RC Lens;;28/06/2020;L'Équipe;Français;;40;Lens, de sang et d'or;
le jour parfait - 23h25 02h45 (179);2020;Documentaire;Football;;;31/07/2020;France 2;Français;;0;;
Entraîneurs - intimes confessions;2020;Documentaire, Enquête;Entraîneurs;;;06/10/2020;L'Équipe;Français;;0;L'Équipe Enquête;
Transversales - OM Folie Européenne Episode 1;2020;Documentaire;Club;Olympique de Marseille;;12/10/2020;RMC Sport;Français;;0;Transversales;
Transversales - OM Folie Européenne Episode 2;2020;Documentaire;Club;Olympique de Marseille;;15/10/2020;RMC Sport;Français;;0;Transversales;
Transversales - OM Folie Européenne Episode 3;2020;Documentaire;Club;Olympique de Marseille;;19/10/2020;RMC Sport;Français;;0;Transversales;
Toute l'histoire - Football arme du KGB - 11h01 01h35 (47);2020;Documentaire;Histoire du football;;;31/12/2020;;;;0;;
Arsène Wenger - Invincible;2021;Documentaire;Club, Entraîneur, Portrait, Premier League;Arsenal;Arsène Wenger;;Canal+;Français;720p;95;;
Mort de Bernard Tapie - hommage au boss de Marseille;2021;Archive TV, Émission spéciale;Affaires et scandales, Club, Hommage, Olympique de Marseille;Olympique de Marseille;Bernard Tapie;03/10/2021;France 3;Français;;0;;
Mort de Bernard Tapie - l'édition spéciale;2021;Archive TV, Émission spéciale;Affaires et scandales, Club, Hommage, Olympique de Marseille;Olympique de Marseille;Bernard Tapie;03/10/2021;France 3;Français;;0;;
Transversales - Zlatan partie 1;2021;Documentaire;Portrait;;Zlatan Ibrahimović;;RMC Sport;Français;;0;Transversales;
Transversales - Zlatan partie 2;2021;Documentaire;Portrait;;Zlatan Ibrahimović;;RMC Sport;Français;;0;Transversales;
Transversales - Zlatan partie 3;2021;Documentaire;Portrait;;Zlatan Ibrahimović;;RMC Sport;Français;;0;Transversales;
Léo - le film;2021;Documentaire;Portrait;;Lionel Messi;05/11/2021;RMC Sport;Français;;0;Transversales;
LFG;2021;Documentaire;Club, Football féminin, Société, Égalité femmes-hommes;États-Unis féminin;Megan Rapinoe;;Canal+;Anglais;;105;;
Pelé;2021;Documentaire, Portrait;Carrière, Club, Coupe du Monde (général), Histoire du football, Portrait, Sélections nationales;Brésil, Santos;Pelé;23/02/2021;Netflix;Anglais, Français, Portugais;;108;;
Platini - le dernier romantique;2021;Documentaire;Histoire du football, Portrait;;Michel Platini;07/03/2021;Canal+;Français;;89;;Doublon/variante présent dans le fichier source
Sport Reporter - Ados Stars - Épisode 4 - Mickaël Landreau;2021;Documentaire;Carrière, Club, Formation, Ligue 1, Portrait;FC Nantes;Mickaël Landreau;;Canal+;Français;;26;Sport Reporter;
Premier League - l'avènement du foot anglais;2021;Série documentaire;Histoire du football, Premier League;;Alan Shearer, David Beckham, Vinnie Jones, Éric Cantona;;Canal+;Français;;45;Premier League, l'avènement du foot anglais;Épisode non identifié dans le nom du fichier
Sir Alex Ferguson - Le rêve impossible;2021;Documentaire, Portrait;Carrière, Club, Entraîneur, Histoire du football, Portrait, Premier League;Aberdeen, Manchester United;Alex Ferguson, David Beckham, Gary Neville, Gordon Strachan, Ryan Giggs, Wayne Rooney, Éric Cantona;29/05/2021;Prime Video;Anglais;;108;;
That One Word - Feyenoord - Épisode 1 - Hoop;2021;Série documentaire;Club, Coulisses, Eredivisie;Feyenoord;Dick Advocaat, Leroy Fer;;Disney+;Français;720p;0;That One Word : Feyenoord;
That One Word - Feyenoord - Épisode 2 - Lockdown;2021;Série documentaire;Club, Coulisses, Eredivisie;Feyenoord;Dick Advocaat, Leroy Fer;;Disney+;Français;720p;0;That One Word : Feyenoord;
That One Word - Feyenoord - Épisode 3 - Injuries;2021;Série documentaire;Club, Coulisses, Eredivisie;Feyenoord;Dick Advocaat, Leroy Fer;;Disney+;Français;720p;0;That One Word : Feyenoord;
That One Word - Feyenoord - Épisode 4 - Recovery;2021;Série documentaire;Club, Coulisses, Eredivisie;Feyenoord;Dick Advocaat, Leroy Fer;;Disney+;Français;720p;0;That One Word : Feyenoord;
That One Word - Feyenoord - Épisode 5 - Taken Out;2021;Série documentaire;Club, Coulisses, Eredivisie;Feyenoord;Dick Advocaat, Leroy Fer;;Disney+;Français;720p;0;That One Word : Feyenoord;
That One Word - Feyenoord - Épisode 6 - Rivalry;2021;Série documentaire;Club, Coulisses, Eredivisie;Feyenoord;Dick Advocaat, Leroy Fer;;Disney+;Français;720p;0;That One Word : Feyenoord;
That One Word - Feyenoord - Épisode 7 - Deception;2021;Série documentaire;Club, Coulisses, Eredivisie;Feyenoord;Dick Advocaat, Leroy Fer;;Disney+;Français;720p;0;That One Word : Feyenoord;
Euro 2000 - l'histoire secrète des Bleus;2021;Documentaire;Euro (général), Euro 2000, Histoire du football, Sélections nationales, Équipe de France;France;;25/05/2021;L'Équipe;Français;;0;;
Mystères d'archives - 1998 - La victoire des Bleus;2021;Documentaire;Archives, Coupe du Monde (général), Équipe de France;France;;03/07/2021;Arte;Français;;0;;
Dans la tête des hommes en noir;2021;Documentaire;Arbitrage;;;;Canal+;Français;1080i;0;;
Je ne suis pas une salope - je suis une journaliste;2021;Documentaire;Femmes et médias, Médias, Racisme et société, Sexisme dans le sport;;;;Canal+;Français;;0;;
Histoire de Champions - Ronaldinho;2022;Documentaire, Magazine TV;Carrière, Club, Histoire du football, Ligue des champions (général), Portrait;AC Milan, FC Barcelona;Ronaldinho;;Canal+;Français;;91;Histoire de Champions;
Fiers des Bleus;2022;Direct, Émission spéciale;Coupe du Monde 2022, Place de la Concorde, Retour des Bleus, Supporters, Équipe de France;France;Antoine Griezmann, Didier Deschamps, Hugo Lloris, Kylian Mbappé, Olivier Giroud;19/12/2022;TF1;Français;TS;0;;Le fichier indique « Fiers d'être bleus » 
Tous avec les Bleus;2022;Direct, Émission spéciale;Coupe du Monde 2022, Retour des Bleus, Supporters, Équipe de France;France;Antoine Griezmann, Didier Deschamps, Hugo Lloris, Kylian Mbappé, Olivier Giroud;19/12/2022;TF1;Français;TS;0;;Émission spéciale liée au retour en France des finalistes après le Mondial au Qatar.
Merci les Bleus;2022;Documentaire, Reportage coulisses;Coulisses, Coupe du Monde 2022, Finale, Parcours, Équipe de France;Argentine, France;Antoine Griezmann, Didier Deschamps, Hugo Lloris, Kylian Mbappé, Olivier Giroud, Raphaël Varane;20/12/2022;TF1;Français;MKV;123;;Documentaire officiel TF1 avec de nombreuses images de vestiaires et des coulisses de la finale.
Les Bleus au cœur du jeu;2022;Documentaire, Rétrospective;Coulisses, Coupe du Monde 2022, Parcours, Équipe de France;France;Antoine Griezmann, Didier Deschamps, Hugo Lloris, Kylian Mbappé, Olivier Giroud;;beIN Sports;Français;MP4;0;;Rétrospective beIN Sports centrée sur l'équipe de France 
El Expatriado;2022;Documentaire;Club, Football mexicain, Portrait;Olympique de Marseille, Tigres UANL;Florian Thauvin;09/04/2022;Canal+;Français;;0;;
Guy Roux - Une histoire de France;2022;Documentaire, Portrait;Club, Entraîneur, Histoire du football, Portrait;AJ Auxerre;Alex Ferguson, Djibril Cissé, Guy Roux, Laurent Blanc, Raymond Domenech, Éric Cantona;01/09/2022;Prime Video;Français;;90;;Variante/doublon probable du documentaire « Guy Roux - Une histoire de France ».
Guy Roux - Une histoire de France;2022;Documentaire, Portrait;Carrière, Club, Entraîneur, Histoire du football, Ligue 1, Portrait;AJ Auxerre;Alex Ferguson, Djibril Cissé, Guy Roux, Laurent Blanc, Raymond Domenech, Éric Cantona;01/09/2022;Prime Video;Français;;90;;Variante/doublon probable du documentaire « Guy Roux - Une histoire de France ».
Histoire de Champions - Andriy Shevchenko;2022;Documentaire, Magazine TV;Carrière, Club, Histoire du football, Ligue des champions (général), Portrait;AC Milan, Dynamo Kiev;Andriy Shevchenko;;Canal+;Français;720p;78;Histoire de Champions;
Histoire de Champions - José Mourinho;2022;Documentaire, Magazine TV;Carrière, Club, Entraîneur, Histoire du football, Ligue des champions (général), Portrait;FC Porto, Inter Milan;José Mourinho;;Canal+;Français;;88;Histoire de Champions;
Histoire de Champions - Franck Ribéry;2022;Documentaire, Magazine TV;Carrière, Club, Histoire du football, Ligue des champions (général), Portrait;Bayern Munich;Franck Ribéry;;Canal+;Français;;86;Histoire de Champions;
Maradona 94 La chute ( Septembre 2022 - DAZN);2022;Documentaire;Club, Portrait;Argentine;Diego Maradona;;Dazn;VOSTFR;;0;;
L'évolution du poste de gardien de but;2022;Analyse, Magazine TV;Buts, Gardien de but, Histoire du football, Tactique;;Gauthier Kuntzmann;;Canal+;Français;;31;Canal Foot Manager;
La Remontada décryptée par Tony Chapron;2022;Analyse, Documentaire;Analyse, Arbitrage, Club, Ligue des champions (général);FC Barcelona, Paris Saint-Germain;Tony Chapron;20/09/2022;Canal+;Français;;0;Décrypté;
Messi et le mystère du pied droit;2022;Documentaire court;Portrait, Technique;;Lionel Messi;18/11/2022;L'Équipe;Français;1080p;11;L'Équipe Explore;
Coupe du Monde 2022 - Le film de la Coupe du monde;2022;Documentaire, Rétrospective;Coupe du Monde 2022, Sélections nationales, Temps forts;;Antoine Griezmann, Kylian Mbappé, Lionel Messi, Luka Modrić;;beIN Sports;Français;MKV;0;;Film/rétrospective beIN Sports consacré à l'ensemble du tournoi 
Neymar - Le chaos parfait - Épisode 1 - Une magnifique promesse brésilienne;2022;Série documentaire;Carrière, Club, Portrait;Brésil, Santos;Neymar;25/01/2022;Netflix;Français, Portugais;;50;Neymar : Le chaos parfait;
Neymar - Le chaos parfait - Épisode 2 - Le comeback;2022;Série documentaire;Carrière, Club, Portrait;Brésil, FC Barcelona, Paris Saint-Germain;Neymar;25/01/2022;Netflix;Français, Portugais;;61;Neymar : Le chaos parfait;
Neymar - Le chaos parfait - Épisode 3;2022;Série documentaire;Carrière, Club, Portrait;Brésil, Paris Saint-Germain;Neymar;25/01/2022;Netflix;Français, Portugais;;53;Neymar : Le chaos parfait;
O'Rei - L'histoire de Pelé - prodige devenu Roi;2022;Documentaire court;Club, Football brésilien, Histoire du football, Portrait;Brésil;Pelé;30/12/2022;L'Équipe;Français;;35;L'Équipe Explore;
Transversales - R9;2022;Documentaire;Carrière, Club, Portrait;Brésil, FC Barcelona, Inter Milan, Real Madrid;Ronaldo Nazário;21/02/2022;RMC Sport;Français;;90;Transversales;
The Phénoménon( 2022 - La véritable histoire de Ronaldo - DAZN);2022;Documentaire;Carrière, Club, Histoire du football, Portrait;Brésil;Ronaldo Nazário;;Dazn;VOSTFR;;0;;
Real Madrid - La légende blanche - Épisode 1 - Origine;2022;Série documentaire;Club, Histoire du football, Ligue des champions (général), Rétrospective;Real Madrid;Emilio Butragueño, Florentino Pérez, Iker Casillas, Jorge Valdano;11/02/2022;Amazon Prime Video;Français;;51;Real Madrid : La légende blanche;
Real Madrid - La légende blanche - Épisode 2 - Rayonnement;2022;Série documentaire;Club, Histoire du football, Ligue des champions (général), Rétrospective;Real Madrid;Emilio Butragueño, Florentino Pérez, Iker Casillas, Jorge Valdano;11/02/2022;Amazon Prime Video;Français;;51;Real Madrid : La légende blanche;
Real Madrid - La légende blanche - Épisode 3 - Le facteur humain;2022;Série documentaire;Club, Histoire du football, Ligue des champions (général), Rétrospective;Real Madrid;Emilio Butragueño, Florentino Pérez, Iker Casillas, Jorge Valdano;11/02/2022;Amazon Prime Video;Français;;49;Real Madrid : La légende blanche;
Real Madrid - La légende blanche - Épisode 4 - L'esprit de la Quinta;2022;Série documentaire;Club, Histoire du football, Ligue des champions (général), Rétrospective;Real Madrid;Emilio Butragueño, Florentino Pérez, Iker Casillas, Jorge Valdano;11/02/2022;Amazon Prime Video;Français;;50;Real Madrid : La légende blanche;
Real Madrid - La légende blanche - Épisode 5 - Renaissance;2022;Série documentaire;Club, Histoire du football, Ligue des champions (général), Rétrospective;Real Madrid;Emilio Butragueño, Florentino Pérez, Iker Casillas, Jorge Valdano;11/02/2022;Amazon Prime Video;Français;;50;Real Madrid : La légende blanche;
Real Madrid - La légende blanche - Épisode 6 - Éternité;2022;Série documentaire;Club, Histoire du football, Ligue des champions (général), Rétrospective;Real Madrid;Emilio Butragueño, Florentino Pérez, Iker Casillas, Jorge Valdano;11/02/2022;Amazon Prime Video;Français;;49;Real Madrid : La légende blanche;
Le Transfert du siècle - Et Figo changea de camp;2022;Documentaire, Enquête;Affaires du football, Club, Football, Rivalités, Transferts;FC Barcelona, Real Madrid;Luís Figo;25/08/2022;Netflix;Espagnol, Français;1080p;105;;
Galactiques;2022;Documentaire;Club, Coulisses, Football, Ligue des champions (général), Rivalités;Paris Saint-Germain, Real Madrid;Karim Benzema, Kylian Mbappé, Laure Boulleau, Vinícius Júnior;14/02/2022;Canal+;Français;;95;;Documentaire autour du huitième de finale PSG-Real Madrid 2021-2022.
Renaissance - Une décennie bleue - Partie 1;2022;Série documentaire;Club;France;;15/11/2022;TMC;Français;;0;Renaissance : Une décennie bleue;
Renaissance - Une décennie bleue - Partie 2;2022;Série documentaire;Club;France;;15/11/2022;TMC;Français;;0;Renaissance : Une décennie bleue;
Les Bleus et l'Élysée;2022;Documentaire;Politique et société, Équipe de France;France;;12/12/2022;France 2;Français;;0;;
Coupe du Monde 2022 - Tous les buts;2022;Compilation, Rétrospective;Buts, Coupe du Monde 2022;;;;beIN Sports;Français;MKV;0;;Compilation des buts du tournoi.
Brésil 2002 - La véritable histoire;2022;Documentaire;Brésil, Club, Coupe du Monde (général), Histoire du football;Brésil;;;;VOSTFR;;0;;Doublon/variante présent dans le fichier source
Histoire de Champions - Inter Milan;2022;Documentaire, Magazine TV;Club, Histoire du football, Ligue des champions (général), Ligue des champions 2009-2010, Rétrospective;Inter Milan;;;Canal+;Français;;90;Histoire de Champions;
L’Équipe enquete 2018-2022 Les Bleus en pleine tempete;2022;Documentaire;Équipe de France;France;;;L'Équipe;Français;;0;L'Équipe Enquête;
Manchester United - Début de Règne (C+);2022;Documentaire;Club;Manchester United;;;Canal+;Français;;0;;
Nadeshiko;2022;Documentaire;Club, Coupe du monde féminine, Football féminin;Japon féminin;;;FIFA+;VOSTFR;;0;;
Bernard Tapie - le spectacle permanent;2023;Documentaire;Affaires et scandales, Club, Politique et société, Portrait;Olympique de Marseille;Bernard Tapie;15/09/2023;France 5;Français;;90;;
Histoire de Champions - David Beckham;2023;Documentaire, Magazine TV;Carrière, Club, Histoire du football, Ligue des champions (général), Portrait;Manchester United, Real Madrid;David Beckham;;Canal+;Français;;85;Histoire de Champions;Doublon/variante présent dans le fichier source
Le Match de la Honte;2023;Analyse, Magazine TV;Analyse, Arbitrage, Club, Ligue des champions (général);Chelsea, FC Barcelona;Didier Drogba, Tony Chapron;12/02/2023;Canal+;Français;;23;Décrypté;
Remontadas;2023;Documentaire;Club, Ligue des champions (général), Retournements de situation;AC Milan, FC Barcelona, Liverpool, Paris Saint-Germain, Real Madrid;Didier Drogba, Karim Benzema, Lionel Messi;12/02/2023;Canal+;Français;;89;;
Histoire de Champions - Didier Drogba;2023;Documentaire, Magazine TV;Carrière, Club, Histoire du football, Ligue des champions (général), Portrait;Chelsea, Olympique de Marseille;Didier Drogba;;Canal+;Français;;91;Histoire de Champions;
Histoire de Champions - Eden Hazard;2023;Documentaire, Magazine TV;Carrière, Club, Histoire du football, Ligue des champions (général), Portrait;Chelsea, Lille OSC, Real Madrid;Eden Hazard;;Canal+;Français;;75;Histoire de Champions;
Histoire de Champions - Jürgen Klopp;2023;Documentaire, Magazine TV;Carrière, Club, Entraîneur, Histoire du football, Ligue des champions (général), Portrait;Borussia Dortmund, Liverpool;Jürgen Klopp;;Canal+;Français;;96;Histoire de Champions;
Histoire de Champions - Thierry Henry à Arsenal;2023;Documentaire, Magazine TV;Carrière, Club, Histoire du football, Ligue des champions (général), Portrait;Arsenal;Thierry Henry;;Canal+;Français;;84;Histoire de Champions;
Histoire de Champions - Thierry Henry à Barcelone;2023;Documentaire, Magazine TV;Carrière, Club, Histoire du football, Ligue des champions (général), Portrait;FC Barcelona;Thierry Henry;;Canal+;Français;;86;Histoire de Champions;
Histoire de Champions - Thierry Henry à Monaco;2023;Documentaire, Magazine TV;Carrière, Club, Histoire du football, Ligue des champions (général), Portrait;AS Monaco;Thierry Henry;;Canal+;Français;;74;Histoire de Champions;
Histoire de Champions - Zlatan Ibrahimović;2023;Documentaire, Magazine TV;Carrière, Histoire du football, Ligue des champions (général), Portrait;;Zlatan Ibrahimović;;Canal+;Français;;86;Histoire de Champions;
Le pénalty sur Nilmar;2023;Analyse, Magazine TV;Analyse, Arbitrage, Club, Ligue des champions (général);Olympique Lyonnais, PSV Eindhoven;Jean-Michel Aulas, Nilmar, Tony Chapron;22/04/2023;Canal+;Français;720p;24;Décrypté;
Pelé - La dernière danse;2023;Documentaire;Carrière, Club, Histoire du football, Portrait;Brésil, Santos;Pelé;02/01/2023;L'Équipe;Français;1080p;52;;
Histoire de Champions - Ronaldo;2023;Documentaire, Magazine TV;Carrière, Club, Histoire du football, Ligue des champions (général), Portrait;Real Madrid;Ronaldo Nazário;;Canal+;Français;;83;Histoire de Champions;Doublon/variante présent dans le fichier source
Au Nord - Petits secrets d'une grande saison;2023;Coulisses, Documentaire;Club, Coulisses, Ligue 1, Rétrospective de saison;RC Lens;Brice Samba, Florian Sotoca, Franck Haise, Jean-Louis Leca, Seko Fofana;10/06/2023;Prime Video;Français;;65;;Documentaire consacré à la saison 2022-2023 du RC Lens.
The Week-end - 30 ans de Premier League;2023;Magazine TV, Émission spéciale;Premier League;;;15/01/2023;Canal+;Français;;102;;
Histoire de Champions - Émission du 5 mai 2023;2023;Documentaire, Magazine TV;Histoire du football, Ligue des champions (général);;;05/05/2023;Canal+;Français;;0;Histoire de Champions;
Les Minots - le football à l'état pur;2023;Documentaire;Club, Formation, Histoire du football, Ligue 2;Olympique de Marseille;;25/06/2023;Canal+;Français;;97;;
OM - dans les yeux des miens;2023;Documentaire;Club, Société, Supporters;Olympique de Marseille;;21/09/2023;Canal+;Français;;98;;
Histoire de Champions - Lens en Ligue des champions (1998-1999);2023;Documentaire, Magazine TV;Club, Histoire du football, Ligue des champions (général), Ligue des champions 1998-1999, Rétrospective;RC Lens;;;Canal+;Français;;84;Histoire de Champions;
Histoire de Champions - Lens en Ligue des champions (2002-2003);2023;Documentaire, Magazine TV;Club, Histoire du football, Ligue des champions (général), Ligue des champions 2002-2003, Rétrospective;RC Lens;;;Canal+;Français;;89;Histoire de Champions;
Histoire de Champions - Les duels Real / Barça;2023;Documentaire, Magazine TV;Club, Histoire du football, Ligue des champions (général), Rivalités;FC Barcelona, Real Madrid;;;Canal+;Français;;94;Histoire de Champions;
Marseille capitale;2023;Documentaire;Club, Histoire du football, Ligue des champions (général), Ligue des champions 1992-1993, Supporters;Olympique de Marseille;;;Canal+;Français;;26;;
Histoire de Champions - Del Piero;2024;Documentaire, Magazine TV;Carrière, Club, Histoire du football, Ligue des champions (général), Portrait;Juventus;Alessandro Del Piero;;Canal+;Français;;83;Histoire de Champions;
Histoire de Champions - Monaco 2004;2024;Documentaire, Magazine TV;Club, Histoire du football, Ligue des champions (général), Ligue des champions 2003-2004, Rétrospective;AS Monaco;Didier Deschamps, Fernando Morientes, Ludovic Giuly;;Canal+;Français;;88;Histoire de Champions;
Giroud;2024;Documentaire;Portrait, Équipe de France;France;Olivier Giroud;26/05/2024;Canal+;Français;;78;;
Histoire de Champions - Auxerre;2024;Documentaire, Magazine TV;Club, Histoire du football, Ligue des champions (général), Ligue des champions 1996-1997, Rétrospective;AJ Auxerre;Guy Roux;;Canal+;Français;;87;Histoire de Champions;
Histoire de Champions - Andrés Iniesta;2024;Documentaire, Magazine TV;Carrière, Club, Histoire du football, Ligue des champions (général), Portrait;FC Barcelona;Andrés Iniesta;;Canal+;Français;;90;Histoire de Champions;
Histoire de Champions - Carlo Ancelotti;2024;Documentaire, Magazine TV;Carrière, Club, Entraîneur, Histoire du football, Ligue des champions (général), Portrait;AC Milan, Real Madrid;Carlo Ancelotti;;Canal+;Français;;90;Histoire de Champions;
Histoire de Champions - Raphaël Varane;2024;Documentaire, Magazine TV;Carrière, Club, Histoire du football, Ligue des champions (général), Portrait;Manchester United, Real Madrid;Raphaël Varane;;Canal+;Français;;90;Histoire de Champions;
Histoire de Champions - Samuel Eto'o;2024;Documentaire, Magazine TV;Carrière, Club, Histoire du football, Ligue des champions (général), Portrait;FC Barcelona, Inter Milan;Samuel Eto'o;;Canal+;Français;;85;Histoire de Champions;
Thierry Henry - la main dans le sac (L’Équipe);2024;Documentaire;Portrait;;Thierry Henry;;L'Equipe TV;Français;;0;Tourbillons;
Histoire de Champions - Vinicius Júnior;2024;Documentaire, Magazine TV;Carrière, Club, Histoire du football, Ligue des champions (général), Portrait;Real Madrid;Vinícius Júnior;;Canal+;Français;;86;Histoire de Champions;
Le phénomène Mbappé;2024;Documentaire;Portrait;;Kylian Mbappé;09/06/2024;TF1;Français;;102;;
Présentation de Kylian Mbappé au Real Madrid;2024;Archive TV, Émission spéciale;Club, Présentation de joueur, Real Madrid;Real Madrid;Kylian Mbappé;16/07/2024;Infosport+;Français;;0;;
Mbappé-PSG - l'amour dure 7 ans;2024;Documentaire;Club, Ligue 1, Portrait;Paris Saint-Germain;Kylian Mbappé;;Canal+;Français;;42;;
Paul Pogba - Liaisons toxiques;2024;Documentaire, Enquête;Affaires et scandales, Carrière, Club, Portrait;France, Juventus, Manchester United;Mathias Pogba, Paul Pogba;13/06/2024;L'Équipe;Français;;97;L'Équipe Enquête;
Untold Hope Solo vs U S Soccer;2024;Documentaire;Affaires et scandales, Carrière, Club, Football féminin, Portrait;États-Unis;Hope Solo;;Netflix;Anglais;;0;;
Vous ne pouvez pas comprendre !;2024;Série documentaire;Club, Portrait;Paris Saint-Germain;Luis Enrique;;Canal+;Français;;;Vous ne pouvez pas comprendre !;
Histoire de Champions - Real Sociedad;2024;Documentaire, Magazine TV;Club, Histoire du football, Ligue des champions (général);Real Sociedad;Antoine Griezmann, Xabi Alonso;;Canal+;Français;;76;Histoire de Champions;
99 - Épisode 1 - Remporter la Ligue;2024;Série documentaire;Club, FA Cup, Ligue des champions (général), Premier League, Rétrospective;Manchester United;Alex Ferguson, David Beckham, Gary Neville;17/05/2024;Amazon Prime Video;Français;;57;99;
99 - Épisode 2 - Imbattables;2024;Série documentaire;Club, FA Cup, Ligue des champions (général), Premier League, Rétrospective;Manchester United;Alex Ferguson, David Beckham, Gary Neville;17/05/2024;Amazon Prime Video;Français;;57;99;
99 - Épisode 3 - Entrer dans l'Histoire;2024;Série documentaire;Club, FA Cup, Histoire du football, Ligue des champions (général), Premier League, Rétrospective;Manchester United;Alex Ferguson, David Beckham, Gary Neville;17/05/2024;Amazon Prime Video;Français;;56;99;
Histoire de Champions - Lyon 2009-2010;2024;Documentaire, Magazine TV;Club, Histoire du football, Ligue des champions (général), Ligue des champions 2009-2010, Rétrospective;Olympique Lyonnais;Claude Puel;;Canal+;Français;;91;Histoire de Champions;
Des cris dans le stade - enquête sur le racisme dans le football;2024;Documentaire;Racisme et société;;;11/06/2024;France 5;Français;;90;;
Hommage à Mr Didier ROUSTAN (Équipe de Greg du);2024;Magazine TV;Football;;;11/09/2024;L'Équipe;Français;;0;L'Équipe de Greg;
Hommage à Mr Didier ROUSTAN (Équipe du Soir du);2024;Magazine TV;Football;;;11/09/2024;L'Équipe;Français;;0;L'Équipe du Soir;
France-Algérie - le grand gâchis (L’Équipe);2024;Documentaire;Club;France;;;L'Equipe TV;Français;;0;Tourbillons;
Histoire de Champions - El Real Time;2024;Documentaire, Magazine TV;Club, Histoire du football, Ligue des champions (général), Rétrospective;Real Madrid;;;Canal+;Français;;88;Histoire de Champions;
Histoire de Champions - Lille;2024;Documentaire, Magazine TV;Club, Histoire du football, Ligue des champions (général), Rétrospective;Lille OSC;;;Canal+;Français;;92;Histoire de Champions;
Histoire de Champions - Paris SG;2024;Documentaire, Magazine TV;Club, Histoire du football, Ligue des champions (général), Rétrospective;Paris Saint-Germain;;;Canal+;Français;;92;Histoire de Champions;
La tragédie du Heysel - Épisode 1 - Engrenage;2024;Série documentaire;Club, Coupe d'Europe des clubs champions, Drames du football, Histoire du football, Hooliganisme;Juventus, Liverpool;;;Planète+;Français;;52;La tragédie du Heysel;Série réalisée en 2022 et diffusée en France sur Planète+ en 2024.
La tragédie du Heysel - Épisode 2 - Effondrement;2024;Série documentaire;Club, Coupe d'Europe des clubs champions, Drames du football, Histoire du football, Hooliganisme;Juventus, Liverpool;;;Planète+;Français;;52;La tragédie du Heysel;Série réalisée en 2022 et diffusée en France sur Planète+ en 2024.
La tragédie du Heysel - Épisode 3 - Spectacle;2024;Série documentaire;Club, Coupe d'Europe des clubs champions, Drames du football, Histoire du football, Hooliganisme;Juventus, Liverpool;;;Planète+;Français;;52;La tragédie du Heysel;Série réalisée en 2022 et diffusée en France sur Planète+ en 2024.
La tragédie du Heysel - Épisode 4 - Responsables;2024;Série documentaire;Club, Coupe d'Europe des clubs champions, Drames du football, Histoire du football, Hooliganisme;Juventus, Liverpool;;;Planète+;Français;;52;La tragédie du Heysel;Série réalisée en 2022 et diffusée en France sur Planète+ en 2024.
La tragédie du Heysel - Épisode 5 - Coupables;2024;Série documentaire;Club, Coupe d'Europe des clubs champions, Drames du football, Histoire du football, Hooliganisme;Juventus, Liverpool;;;Planète+;Français;;52;La tragédie du Heysel;Série réalisée en 2022 et diffusée en France sur Planète+ en 2024.
La tragédie du Heysel - Épisode 6 - Pardon;2024;Série documentaire;Club, Coupe d'Europe des clubs champions, Drames du football, Histoire du football, Hooliganisme;Juventus, Liverpool;;;Planète+;Français;;52;La tragédie du Heysel;Série réalisée en 2022 et diffusée en France sur Planète+ en 2024.
OL - au cœur d’une folle saison (L'Équipe);2024;Documentaire;Club, Coulisses;Olympique Lyonnais;;;L'Équipe;Français;;0;;
Cristiano Ronaldo - quarantaine rugissante;2025;Documentaire;Club, Portrait;Portugal;Cristiano Ronaldo;;Canal+;Français;;26;;
Jubilé Djibril Cissé;2025;Documentaire;Portrait;;Djibril Cissé;27/05/2025;L'Équipe;Français;;0;;
Après tant d'années… PSG - le film du sacre;2025;Documentaire;Club, Ligue 1;Paris Saint-Germain;;08/06/2025;Canal+;Français;;75;;
Big Five PSG - 40 ans de coupes d'Europe;2025;Magazine TV, Émission spéciale;Club, Coupes d’Europe;Paris Saint-Germain;;;Canal+;Français;;89;Big Five;
Euro 2000 - le chef-d'œuvre de Trezegold;2025;Documentaire;Euro (général), Euro 2000, Sélections nationales, Équipe de France;France;;;Canal+;Français;;0;;
Le grand multiplex;2025;Documentaire;Histoire du football, Ligue des champions (général);;;;Canal+;Français;;135;;
Nos meilleures archives foot;2025;Compilation, Magazine TV;Archives TV, Histoire du football;;;;Canal+;Français;;0;Vintage Football Club;Compilation d’archives de 40 ans de football sur Canal+, réalisée par Olivier Tallaron et David Berger.
Ronaldinho - Le seul et l'unique - Épisode 1 - C'était écrit;2026;Série documentaire;Carrière, Club, Portrait;Brésil, Grêmio;Ronaldinho;16/04/2026;Netflix;Français, Portugais;1080p, MKV, WEB;54;Ronaldinho : Le seul et l'unique;
Ronaldinho - Le seul et l'unique - Épisode 2 - Le meilleur du monde;2026;Série documentaire;Carrière, Club, Portrait;Brésil, FC Barcelona, Paris Saint-Germain;Ronaldinho;16/04/2026;Netflix;Français, Portugais;1080p, MKV, WEB;57;Ronaldinho : Le seul et l'unique;
Ronaldinho - Le seul et l'unique - Épisode 3 - Qui a dit que j'étais fini ?;2026;Série documentaire;Carrière, Club, Portrait;AC Milan, Atlético Mineiro, Brésil, Flamengo;Ronaldinho;16/04/2026;Netflix;Français, Portugais;1080p, MKV, WEB;56;Ronaldinho : Le seul et l'unique;
Histoire de Champions - Arsenal 2005-2006;2026;Documentaire, Magazine TV;Club, Clubs, Histoire du football, Ligue des champions (général), Ligue des champions 2005-2006, Rétrospective;Arsenal, FC Barcelona;Arsène Wenger, Thierry Henry;20/05/2026;Canal+ Foot;Français;MP4;92;Histoire de Champions;Retour sur le parcours d'Arsenal jusqu'à la finale de la Ligue des champions 2005-2006.
Le Bus - Les Bleus en grève;2026;Documentaire;Affaires du football, Coulisses, Coupe du Monde (général), Coupe du Monde 2010, Sélections nationales;France;Franck Ribéry, Nicolas Anelka, Patrice Evra, Raymond Domenech;;Netflix;Français;MKV;79;;Documentaire consacré à la grève de Knysna lors de la Coupe du Monde 2010.
USA 94 - Brazil's Return to Glory;2026;Documentaire;Coupe du Monde (général), Coupe du Monde 1994, Rétrospective, Sélections nationales;Brésil;Bebeto, Dunga, Romário;07/06/2026;Netflix;Français, Portugais;MKV;86;;Titre original brésilien : Tetra - Acreditar de Novo.
Denoueix - Le jeu avant le je;2026;Documentaire;Club, Entraîneur, Formation, Histoire du football, Portrait, Tactique;FC Nantes, Real Sociedad;Didier Deschamps, Mickaël Landreau, Pierre Sage, Raynald Denoueix, Xabi Alonso, Éric Carrière;09/03/2026;L'Équipe;Français;MP4;55;L'Équipe Explore;Le fichier mentionne 2025, mais la diffusion identifiée est en 2026.
Drame en barrages 1 sur 3 - L'Italie et la malédiction du Mondial;2026;Documentaire court, Série documentaire;Barrages, Coupe du Monde (général), Coupe du Monde 2022, Drames du football, Sélections nationales;Italie, Macédoine du Nord;Aleksandar Trajkovski;23/03/2026;L'Équipe;Français;MP4;15;Drame en barrages;Épisode consacré à l'élimination de l'Italie dans les barrages du Mondial 2022. Premier épisode consacré au barrage Italie–Macédoine du Nord du 24 mars 2022.
Génération Biétry;2026;Documentaire;Histoire du football, Médias, Portrait;;Charles Biétry;18/02/2026;Canal+;Français;HD, MP4;83;;Documentaire consacré à Charles Biétry et à son influence sur le football télévisé. Documentaire réalisé par Clément Repellin.
Liverpool - Le miracle d'Istanbul;2026;Documentaire;Club, Clubs, Ligue des champions (général), Ligue des champions 2004-2005;AC Milan, Liverpool;Jamie Carragher, Rafael Benítez, Steven Gerrard, Xabi Alonso;;Netflix;Anglais, Français;MKV;78;Untold UK;Titre original : Untold UK - Liverpool's Miracle of Istanbul.
Présentation de Ronaldo;;Archive web, Compilation;Présentation de joueur;;Cristiano Ronaldo;;;Polonais;;0;ALLGOALS.PL;Nom technique ALLGOALS.PL supprimé du titre
Hernán Crespo;;Documentaire;Carrière, Club, Portrait;Argentine;Hernán Crespo;;;;;0;;
La grande histoire - Zidane;;Documentaire;Carrière, Club, Histoire du football, Portrait;France, Real Madrid;Zinédine Zidane;;;Français;;0;;Titre harmonisé
Michel Hidalgo Interview L'Équipe TV;;Documentaire;Entraîneur, Portrait, Sélections nationales, Équipe de France;France;Michel Hidalgo;;L'Équipe;Français;;0;;
Heysel;;Documentaire;Club, Drames du football, Histoire du football, Hooliganisme;Juventus, Liverpool;;;;;;0;;Le titre identifie le drame du Heysel. Sujet : catastrophe du Heysel du 29 mai 1985. Année de diffusion non identifiée avec certitude.
L'Équipe du Dimanche;;Magazine TV;Championnats européens, Magazine football;;;;Canal+;Français;;45;L'Équipe du Dimanche;Doublon/variante présent dans le fichier source
Les Bleus et le Championnat d'Europe des Nations;;Compilation, Montage;Euro (général), Sélections nationales, Équipe de France;France;;;;Français;;0;soccers.fr;Le nom du fichier indique une provenance soccers.fr
